:02000004703852
:100000002D9531FCAC323161CB33E54A1EB12DC0A8
:1000100020C409ED0DFEF8D27FEE0CCD1A21233C51
:1000200035D8143445E4F80E11003871E1F4DDE5FB
:10003000106F4464D5FA662CCB35E2131A1D02B159
:100040001C7F152F20A816C3361CFFF6EC05F85CA4
:100050003428D9D1F14CCF18C63620F8E30BFB2653
:100060002C07F7D4D471D5DAF5D31424C0C61C27D5
:10007000DBDB3BD56837E144A4CE070F5FF63F22B8
:10008000F47FFE2BE3EDF419DC26EDF8EFFAEA41FC
:10009000DD1C2AF4DABB11E318FE07FDF3F50B7340
:1000A000F6E70608F1A3172FEEEB1CDB0CD2E80FE6
:1000B0004A0FFE0823ED22F8CD0823043DCAD7FCE1
:1000C000F958E3F9001FA1B54ABA2C233D0F2ECFF2
:1000D00058465BE923FA35C23DEAF3D53A180129BF
:1000E000C31CFF07FE00C916FD3415E5E8E3F8DC84
:1000F000EB350AF450EC26E340E0F229191CEEFB44
:10010000FC2EE88128EE140661DFF2CB16FDFFEC31
:10011000ED0621391DD2F72EB9BB1A1E4220020866
:10012000F125DDF72413FFFF35CDFF4F2B7FF2EFD5
:100130000F10DA219C352FF518C158D41581BEED6A
:10014000FB2D3810BD1EE730B6D38809EE2A0B5FB1
:10015000D6E778D69B4615BD1E28032E1039E35CE2
:10016000C50108F625E513C443D718D060312F0226
:10017000ECDDF736EDD6C2E524037F1D3E442E129A
:1001800003FB0AF0100119F62EE11F08FF89EB218D
:10019000EEEC0BC6FFF21E0CD4DBFA522FE5F6F0A4
:1001A0003CFC1BDFDBD90B1404B581112DDDDFE72F
:1001B0000011DFD8BBF2EF7FDE0E07EADDE30FDAD6
:1001C000F560D6F20DFB00FBBA284647BE18EB0CD3
:1001D0007FE2D720D106E82BE075111119121ED944
:1001E00059F600CA273A0813DF030FC3D5E92C31AB
:1001F000D906FCD40DCFE00CFA45011B0BE2EEF260
:100200001F0AE3400CBE37012889B5D42AF3F9FB55
:10021000E84EE5EE101811F9F9A31352E95828E851
:10022000D4F134F9271DFDEA0C4D0DD2BEEC14219A
:10023000EF14F131E343ADCAB6C5075BEBCE2B1A21
:1002400018F838ED1245C5DC0157F416DEB615E88E
:10025000EF20E536D0ECD74CDB08C9321217012766
:100260005808F715DC1A1C2DC3E805220832187F40
:100270004ED4D719E930EA1AC7C61C66DF353043B9
:10028000C8E7DCFBFD09F9090C0ED506E3F2D2FC48
:100290001AE0061514ECC0E1011711B6EB032602B3
:1002A00046E92D2FF109D2CB06301BDFDECCCDD2B3
:1002B000F232D50B1CF7C4DB3007B412F8F3ECF0C4
:1002C000DE24E311E1D9BAF8BA03E1E53E2EF7F6F0
:1002D000E12E4ECB3CE3A7DCC7483DFC06D3299B6F
:1002E00072F5EA09FCD2ED02F0D97F3008DE00E6B3
:1002F0003818EDF1F524025E202F160310ED0AF4F4
:100300009EE5E803FDC62EC5F9D71FD8FEE0F8F03C
:1003100037033503E9FBB9F5FF042228160D1F0D3D
:10032000201164FA05293709E1ACBD13D21A390E40
:10033000C7FE37141558B7AAE4D2DDFBEC342350BE
:10034000D8203B2DCF1D0616E73CF32AF30421FBF2
:100350007FE352DCF80BC201182ADFDC03C9F1DAB3
:10036000F91B4AE806FEF24B30FB27D776F2F4F38E
:100370009AE7FDD945FBF0293AFE571B1CFC4321A7
:1003800006E204DC3467F3F3FDE82529F129FDEFEB
:1003900003FBEED3FE7F45E0021FE13710C7119744
:1003A000E443C4321525FDE2FC14DC0425C0BDE4A1
:1003B0001103F5FA22CFF0F01A17B818FE00D92D64
:1003C000D1D725B6D28D01E6811422F3D2265BC6A1
:1003D000FC01FD271CA4D9E116F03F23E350F946A8
:1003E000F025F104680B2AEDC86230E15D38E24780
:1003F000D5C1F9EFE9197F090256B0F1DDF8191FEF
:100400000556032A00D019972CF8FB143018C5D9CB
:10041000F1F4D0CC3C15B0C5D7890B2712031AD103
:10042000BF1BF33B0B81DFD701F20208F7E5C79D45
:100430002C2411E4FFEEF9D2EDFC9F24090300A85F
:10044000E83338F67F012230F2DAB938360BDEFCB9
:10045000321421D927231518D52626F61C30BD18AD
:10046000CB0329AE0D2F4711B011EFB3F31A4E5F36
:10047000EF29C2F2DED8A702DA03DFF1E817E104C0
:10048000ECE1D037CFEAB2EA4BB8F1CB1DEB0F5419
:10049000F56FF967EA161425D7CF81FAE61800FF41
:1004A000F011F1FFECE4D2FFE0CA8133F5EA42D368
:1004B000031B0F1E02B1FC907F4CF00B00F10DF3FB
:1004C00034B71CFAF5FE332F1B502F0CC0362B0F00
:1004D000F946010BFDFFE6EA15E2F50B01EB04130B
:1004E0000E2208E3C71C12F4DED717DA010EEFC59F
:1004F000EE23FA5F26B7ECE8D010FA4505F1130FAA
:1005000038FAC73AF4EFD9F20154F115B0D009F333
:100510001829CAEF421FDBEAE35F5C25040D3B218B
:10052000DFF7E80F0DCE4C03DFE5E2DCF529C61658
:100530004D6B08C940432D400A024B003D1ACB29A0
:10054000F2CE16172067F1C5FE280D27B9C81DF099
:10055000D3FF0F3E36188118FA21124823051239AD
:1005600008CD413CF0A8CAEEE9A5BE49D7B5DFBA2F
:100570000E1407FD21EFFF010C33F8F8E1C4CC376E
:10058000BCA6FA0EB8BC19C4A5EADCEF25114B17BE
:100590000C170BE74CECE4D3153014DB1F19BCB976
:1005A0001C640B2B33E7DCEFF103011DAD25B3F227
:1005B0000223144A1BD00E25B5EDD303F61E0622E6
:1005C0007F9010FA4537165181BBB225BEE9E8F697
:1005D000031011151FE0F40910C7E2060022EB0713
:1005E0000708181B0DF81EAE0E18C7F5E7DCEE0B5A
:1005F000FBA7DF00D5E204194E3DE1ADEFD2EDCD12
:1006000003A566D31610F7FF053EDDE7F5F824B91C
:10061000F7EC8F1EE6ED1607F0AF3F6960E9221E8A
:10062000F4C9F7CEAF60F5F31EF2C4CE24F6D6813E
:1006300081CA97D2FE000BDD27C131733B15B8226A
:10064000B1FE01E10E34023AEDF4ED0427E5F21EAD
:1006500009E914EE471FE7400CCED0F7F417140B4E
:100660001503260DCF1F30E8E78158E2DB2E08F195
:1006700001F3CA15DAE608F01015F62B1401EB02A7
:1006800024F80CF5C7E805C9D40DF4B4F3C6F7EDAA
:10069000DF98FA2EF6B9E803DEB71B19EF2332FE16
:1006A000071EAD1ED1321904F6B7FC131628EA1F37
:1006B000030615EBE034F0F4262F4EF2E8B30915EB
:1006C000C23B58B4421440095CCEF0470144B11417
:1006D000F500FC0805FEF0F117150DD081CFFFFEE7
:1006E000EF7FC9891FFD26F3E2E5E8200210E3E869
:1006F0000E0EE50AD92C81C0EC13F232080CF85327
:10070000DD3545F9EF55260DE24025F51D427F0107
:10071000E3CC47D9DEFFAB7FED15F5C63B4940770B
:10072000C2DEBA1CC2F60EA8CDBEDAFAE6E345BABE
:10073000FFC98A11D8E901C80B13FAF1E722065361
:100740002DFB1504EA17E9FCE617F9F9D71823E29F
:100750004C1E22FDEFE3D307EB1FFD0A9F1C092867
:10076000741BBE467AEC0AF425F3DB102FEA9212D2
:1007700017EDDF812511FEB3012813EAEC14E11611
:10078000F72837BD1A1A007F26C6F71241E715B9B8
:10079000E60EF621D91D02FBF0211651C111FBEF27
:1007A000FFD734FBF811FD014A33F90B2EBFF9E0F6
:1007B000CA94D0FAD0EC340FFE32CFCBE40F1DEC4C
:1007C00035E7091D27AAF6E5860E0AF5293B2DF621
:1007D000E7E901FFF1FAFAD6F2182FD2FEF320E191
:1007E00009F1C8EAECB8FF0E46CC08EDFB35280647
:1007F000CC3047CF13100316FFFBC9DE032D312485
:1008000039EC3014EE073EEF281607D11F1FCCE35A
:10081000E1E8A02D5BD4B081451B1413F3E400AADA
:10082000FDE0F4F4D5CC0C97365A242B87FEB4E4C3
:10083000E909DC49609CD8814414DDB3EC2C523AC0
:100840000C61C228B52E07E0F2AA540DE75509C085
:100850000E34F035BFF6F919B90D16D40222FAD3C9
:1008600015EDA9D5B6DCAB28080E142416DF1EF74B
:10087000FA2AF51509BBEBF1B2C7810A230E1BC298
:10088000F44115D102D32100042019BD41FA98F397
:10089000FFB43EFA29F958FD20F6470A270F2D3EEE
:1008A000E30E0108011512FA06D2B80EFEC92FD9BF
:1008B000CFECF32C2011C404ECC3B52A1CEB5BC7AE
:1008C00035461DE7150A0D09DDE20BE27F13C2F381
:1008D00093373B15C77D227FA22F03FD00D4A0F5DF
:1008E0002EE4D014DCEFAE814E04E40B001DF8CBF7
:1008F000013007B6F9DC090FBB6123068157E8CB4D
:1009000024E7EDCCF711F26AE3FF131A7FC4350F29
:10091000EB38FDE708F30304DB1FF625CC001918BC
:100920002F11E3EDCADB0ED61CD0E999DF6EF10181
:10093000B5ECEE37E02007EB8C0ACA19E61DCAD9E0
:10094000CA1FD1D3F49CB08D0E0B10A81010FF035A
:100950001ECF18F339FD0C1E5AB5FA05F0EC0A0B40
:10096000F61F38182C3CF81844E3141AF27F0CFFD9
:100970002327F642FE0E02012806DFE928DEC00129
:1009800014CE15190CC8B025CD39B9AFF826F9D257
:1009900026004F093DCBE6FB23161C0F0CE71D3448
:1009A000CD060B0221F605C6FF9B04ED10FB2AE9DC
:1009B0001A24EF32DFD7E1B3273B26B5F76BEF0000
:1009C000DFCC23103A0BF512E9EFA5D5CBC7C3DB7B
:1009D000CFD002E22C14E9F1219AF0C5FE07D947E5
:1009E000CF3B6532FFDFBEBCB30BDCE40440E6075F
:1009F00028F11821112BB7AC06F3EF050AF8F40A19
:100A0000B6E428DD550C17314D1D1152E810BC1D00
:100A10005503FF140303E2F60C4313F216DD24E33F
:100A20007FDE4B288F391B20DF176C57E3D453C66A
:100A3000BD02E2E5F304CB200921390909DFBECC70
:100A4000550A192DCB14F913C8D497B4FFF2EA153F
:100A5000FB0AF78112255A08FFEAD9E2F905B5EF3A
:100A600006DCC0CA1BF20DE61107F9FA1323C139DF
:100A7000C3E8F5020011FE07CEF71301F412300BA4
:100A8000EF144FDF26BCB2CF2C0B17C5F8F50E8143
:100A9000EED654F73A1B1B7CF25E8134F5F2F0D5AA
:100AA0003623193CF402422ACDC00FC6DC08F009F7
:100AB00051D4D54FB80C0E0FB5BF7F1E5227534EE1
:100AC0001314E5FCE2E33CDFECDBE2C4E1B8FDEB50
:100AD0000F0C19AF2833730BEBB424020F10F4067C
:100AE000DD52A8E8D13BBBEE14D40F2C240AEB2E28
:100AF00006A1230FE50A12ED56B73B0F19C31903E0
:100B000051F5CD41EBE70DCB3BF5045CAE3FFC5F0F
:100B1000B3BE2AC8FE250FEAE952CD39F7F83E29BF
:100B200098C00DB2C903F20F10F52AA067D2016E6A
:100B3000051C1CF2DD1EDE47F219EE120F1E4414D6
:100B40002B1F30DDA9191DF686EB349160BDF281B3
:100B5000F6000A0C1CF1FCF02BFFFCE0F125210D46
:100B6000191CFA0CF80B12ED14FFFBDDDEFF09F681
:100B7000EDE5FA021A4CFAFA1822F064DFE1D60B1E
:100B8000F7080D3ECEF52F18C6EA2760CCD039E124
:100B9000B948A538E339102417F00C282BEF0C11B5
:100BA000DD0C7F15DDE8120507A3F12520DA0CCE58
:100BB000A5BD78FA130DD414FEEE0FD0F12B06026A
:100BC000150C934ED6AD3A1DD7FA0EE2DAF11EC8D7
:100BD0000DC5B60ADF3CC4F10CFAB423F7A1D1B0BD
:100BE0000E00F6C102D6D907F9DC10E2F1EB2CFDBC
:100BF00037481E2D43E0B10CACB723980822000AF9
:100C0000E931D4DA92C9E3DE1F86EB0E19DE093B27
:100C1000F6C9F6CA3521EFF9F135080FDF091EEDE7
:100C2000BDF1EA0E30FF2F4137CDA4C51FBB002810
:100C3000F518FF1A26FAF5EFD029CA1B3EAFE3C913
:100C4000FB36ADD954F4F5A8EB1143AEDE0AF51E20
:100C5000E0382B03012118FF0FD3D2E3F9C75D5F02
:100C60001BD323EB7F11035A0FF8183826CD43DC32
:100C700025D22FF0E0DE29F01A17F209E4F0F3187C
:100C800025094D43F8E65E12492817F4E7032D2B9A
:100C900016BE2A25FAED60E8FEAE1F087F021F018E
:100CA0001FF0E5220CF9EEFFDF1E05E7D72E000747
:100CB00007111CC016AB3BB519393F00D61303E62C
:100CC000121F1437DC38190D08C823E8031929004E
:100CD00081D992ECCFBDD0FB54BAD60DEE2CD10BFE
:100CE000D04D157F40D82C032D1E113C13E0FB176F
:100CF000D7FCF125EB11053AF3150F47EEC9F6E1E4
:100D0000FFE6F30FBD8137EBFC36E8D4C500A8F051
:100D1000E8F0CDFC05C235E504081EEA212924FAD5
:100D2000252ADEBFE21CF335064E62E985C904D3ED
:100D3000F0121C2742E81AF5E02F23ACEA31B4C0C8
:100D40001302067F0B2216D2FC3FC90FB1CB381815
:100D500081F8E308FB95D903DEF403EFC9FE0DD853
:100D60003137192E2B1BEEEC17465C290D003FFE88
:100D70003504B8E1ECE8362CF92E25C11C0400ED51
:100D80005D103E2C03DE1350D52003EBF1811FC50F
:100D900076328DBBEDBB2D3BE1182AE006C0E71F84
:100DA00014132CFC0A04F8EEF432E30D1BF00F16BA
:100DB0003006F57FF1124B8DFF0BD2BA2831DB44A0
:100DC000ACF50527F4B912F7EDF50818C8FF1BFDBF
:100DD000ED0CE04C2DEE06F78418FA3F2450E93D67
:100DE000CF0622B509AFFA1026F9DD21F1E824EB90
:100DF0006C090A812BF4FD062AD9F899004A8D5016
:100E00004C1FBC01F522C5E5BE26DBE232A909F480
:100E10003516FA1B001B1332CAC418EC1B06FB1351
:100E200030B4E53D0ECA2B9C0DF3E2F07F232DC7B5
:100E3000E00AB414C3F528E7FDCFF8133DF97F1796
:100E4000BD2B1CB83AFB1E0100F20111F037E2C4C1
:100E50003EEB0BCE270AF2EF261EBA0CE3EE35244A
:100E6000D7F7FBED22DF4F02FE0407204E0B53188D
:100E7000E0EB201120FAEDEB3F1A674BE4F644EF6C
:100E800013261DED2CD5F4D2471E0AF0EDDAE5D974
:100E9000D8BC35DC2C1BFFAF185BEB2623F0DEDE65
:100EA000042CF08119E2E6CB23DF2C0DDC6EF9E790
:100EB000E35EEFE7F91B8CC3E5BEF8D81518020E08
:100EC000F810F1D9DCFDECF2E11CB30A211A9A26E4
:100ED0003A20B1F3840B5A03F297630928EB0D16FD
:100EE0000EDED5E517F9CDF31916D8D011C20D1ABB
:100EF0003928F4EFFD9FF5FF0CE914DF02F4000F31
:100F00000D03249C0756FA4342F7AF96F9F2F0100E
:100F1000EEED7F070810F42A0ED304E314F1012448
:100F2000F7EC21EAAF00EE48D411F1D614C1ECE49D
:100F3000C890FC0FB9EAED99ECBFDBD8AB6D1E137E
:100F4000512C27E0061DF616EC00E224EA2D0619C6
:100F50000F1E5BD973FDC66000B708F137FA16C9DA
:100F60002019301C0ACCA63DF20A5CFC11291C4752
:100F700021E181281BC21FE7DD3BA0DAE33FDF51FF
:100F800004118F7AB9FB1B02E631F81144F4D5F451
:100F9000AC2AA13F330CFC5B41142930202B3ACB07
:100FA000400401EE10C4C1E77A0FF30C0A39F4E1F2
:100FB000F11AD503D8C8CAE11EC545F415F4E2F408
:100FC00016447FFFD131FA1005C514EB1DE610AFB2
:100FD00006B5F32BF21EC5CDF6EFEF9DE9F313D660
:100FE0004B10DDB9455B4DDE000685F8FA0308F7C6
:100FF000E31BB607E0E0EB8FF1390AC4DDFC0CEA35
:10100000FBF6EE04F50BC80D2112FB0CCC041ED828
:1010100020FAD6E7D118AFF3DE425505A877E608E7
:10102000171D3AB3DA0C1714045BA13C370DFC1200
:10103000811549F3BCFB03E12814D9FF300CEF25DF
:10104000DEE41713F0E7E8030407E111EF09C4D762
:101050001E1C4DE24321D44E10CA8C383BFFF8FED3
:1010600006E63CF8A12AF20CE715F25114D2EAED9B
:101070000718372BDDED90FE2B316BE90F29660F3A
:10108000A8D86818E25610FB1140D710043A392B43
:10109000DA39CFE2FFF45101FDD1F5ED3304E82751
:1010A00028293DEC63000B4A00D93F89E4170CFA6C
:1010B00031E1E8F8C6EED5CB3A2D8103C9E11DE652
:1010C000D1EC2E02B023EFDA0E14F63A81E9611169
:1010D00005078DFE053C12FCD9BFE7CB03098E3A0C
:1010E00004253917E51DC346E8EAF1D2CA2210DA11
:1010F000545088CB21F54B0600AB0B85453DC07D98
:10110000C91A3DDA02E2D710F00AF0D6051810EC41
:10111000E10C4AF417BFD506ECAFF0C7BA8144D84A
:101120005B23E8264F06CCDA03DC311710330C477B
:101130000E1CD92245042E23EEC10A54D1E002BC74
:101140002FDE0BF21D021C304C1E067FC510EE1A5E
:101150004276FC020335F1140DEC97CCDA4DE71022
:10116000D76BE50FFF32073AD6EBDC0FD86081135F
:10117000054CE7C4CD2609A17416DD2CD1182D1419
:10118000B658E359815F204660515EA2C943E1BA77
:1011900042E3BA171DE23B0FDFCA261DF3DEF80655
:1011A00043C048F732E7F5C61BC6ACF8F6A77F0D7B
:1011B0004AFB1DECCEDF04C6D006EF00DA053B2962
:1011C000F347EECDFF0BFAA62B12F5E5E05106FE34
:1011D000BC9162CCCABA09FBC356B2458A187F23B8
:1011E000D1BFD6E7E453E4F10D04D31DFEDD81ED5C
:1011F00018815E34189BF5400017AA2E3E882B36C6
:10120000C0F92AE7EDECE738150306C2FDD2EC126F
:1012100095F80C33EE18FC1977FDEFE944ECB4D7E0
:10122000E4FEFC2300320BCAF91C2315290736C63D
:10123000E8BAE9433448510D1A0616F911FA0DE9D6
:1012400027EEF432F2E8E93510FC74E0F7DE00FA3C
:101250007F14181D4FF92E15EA296BF807200A157F
:10126000012E012B4BD0300FFF2A3C3BE51814E434
:10127000371D272D49DFDF0810BC815C4EF7F71AB8
:10128000F52A5EF5210974DA663240D720D8452365
:1012900043FFF10FEB0F1CBFDBF5D64DEA130CFC3F
:1012A0002E190F1B8C42F2E2D7F602F328CCE12A6A
:1012B000B6FA1E2DE82FB21D2848E01912EFE509F5
:1012C000C5BB1A085A16F22C1805124B0613A701B3
:1012D0005E490FCAFEA8F422C0C2DB33A3010A5242
:1012E0000D0C2E17542A1627C3E8021E0FE823E41C
:1012F000234C0E4A9928322064E8AF2949B18EB7B1
:10130000E0D42B1EE8097FF902F11CECDCD2D307F4
:101310000124E95EFFD021EAE0B722EFF5ACF70047
:101320002537F2AF813504F110F22BA93D2428C2F4
:101330003D0C2AC8F124FEEB3427EB322AE8691E63
:1013400035450AD9D6511318EE0EE6E048EF412391
:10135000E1D0AC161FBE3C6911F9B90EF22A9B28E8
:101360001BF9E6F2E9EDD61D0346D20B2FCDBBF5F6
:10137000E2F926CB085C1866D95200E710090C1870
:101380001DF89A1ED064E5365EFD2DF336EF10464B
:101390001C30F7E41FF081DC0FEB14140B3D29F730
:1013A000C24F3BC615FD34D3DB8BC802212F46F458
:1013B000E6DF31A2E910FDF9A3E26EC5EBC108F04A
:1013C00013EBFC01F21EF4122B558FCDE505F6024E
:1013D000F2549004D6CFB6DA0AB573FDA7094FE4EC
:1013E0003F08DE12E81450B40BFBF4EE061CF6D6F0
:1013F000E6D5BBF34AB6DC0D0FC4CBFE3E4F08B5B5
:101400002917B9D15AE71E59B80328C0CFECED21EE
:101410000525C3D1600C1B48CA012EBCB002FC15C7
:1014200029F5F7DF11D313023F0D438DEC10321570
:101430008B06483B72050F0D2A09EEFE24862663B3
:1014400037FCE258E9DFF0F422F0FB112E220A22E9
:10145000E303D137F602F80612CF14FECEC1FF1116
:10146000D40AB1DDF0B7DB2C9511C6E749D1DD1DFB
:1014700000ADAE0BD1B34E8E1019CC06D5C0E3CC67
:10148000F8D15212C15A0002D0EA3EF532E001B45E
:10149000BC1798F21402C2EA36FE11DE01EA40DF00
:1014A000CAEC18D60ADB22F914C25DFAEC18DBEF9D
:1014B000CF2527E4165E1EEC1811EBEF1E421CF23E
:1014C0000C8109D714BCAD00C70EF20E1E1002012C
:1014D000EA2EFCE6E133A2CE5752F118B3FF0E0B11
:1014E0003D4AF0F80316D7F316C05A21F87E2802B9
:1014F0007F07D73C01D5F800FAE201F0CE09FF16CC
:10150000BBC77FD3FAD1AEE3D9D1BFED42EF0B6EAB
:10151000BBC57FD5F7D9CBCFC11FD4F538ED2C5E35
:10152000CDF108180B7F3812432500244B2811E415
:1015300036261D1D82407F372008362E3A48D600B9
:1015400004F901D9ECE9D70DFD1B0608EB0F11ECEE
:10155000ACC32FF4BFEB2AE4DE3BE6FAD3F3FFE99A
:10156000FBB05C31D8EC03EC9368A5C4EFFBA2217F
:10157000BB0CFBEFC6E3DAF981C12613CB1ADBE320
:1015800060E7F43FB2ED461E6C3AC313D80DDE1986
:101590007F1106081EA543E3F702FBB1F2E436F320
:1015A000F8DEDB97E0BD06E06D63427F011515E6CE
:1015B0009F4DFDFE04502E2002F3E3DB33EEF78156
:1015C000FADD031314F3FF2C09DE18F5F20908E421
:1015D000ED33E9C5BBABFFC91E4E19F4B9E2FCE718
:1015E000D50804D231ECE63BEB11B80320BC31083E
:1015F000FDE113D1B8DDCEF1FDF605A41620F850BB
:1016000044E5FEB9CDD7CCFDF5B9C93AC4F4C2F86A
:1016100034FF06C0D6CAD521E3FAC341ABE9CA2ECE
:101620007B072AE21AC31F160F111F541CF8239FB1
:10163000F2F81AA83B2DC8A6CB1222144D14571845
:101640000D3E7F00F2D6E1B8E7FF18AACB04FFF702
:101650000C0102F8F0E2242306E9CEEBDBCAB82D38
:10166000813F0DB9C77B1F6E2764314FBE2B15021A
:1016700009DAFC05C6E3E62E2E242FD8D0070DDEAE
:10168000CBEDD7D4B7A5EE0F17D22045ACCF9651EE
:10169000F1B51332D3E7CFAEC6E399C1DB013A1CF3
:1016A00032CFE638531ECA1A9D0DEC88330435E458
:1016B000F3E0F2D20DE9B7255D22EB2C15DE321EE8
:1016C0001C09E716FC21F7F1D132D4F3E22A0ADC37
:1016D000210402348D07C703FCC904C1ECE031FAD0
:1016E0000808DF41815DFFF1D1E8F328BD6022DB0E
:1016F0000E5A48E6CDB4ADB0E1C4DB179601C80D73
:10170000D84ED304EFCF23FBC4CAB8BACF601FA012
:10171000DC23CC19ECC43907CFB7EDD3E15E14C795
:10172000CC48F55301F6EA2A551527F83210CCE4D7
:10173000D8AF269F603AEA210C3BC638076731C80C
:10174000EFFBEEEEEEE4D601F4FBFECBFADFECE8C5
:10175000F2DBF2097FC41A22CAFDE00BA4DBF045DC
:10176000F5FA253FF2CCCDC82162FD58F7F145B01E
:101770003CFBFA16EDDBC1E705191414A1B3EFC663
:101780002A01ADF40FDBB60F854C5B0F7F1816FEF8
:10179000F8EC3F29DD1B432EFDF2C371B9F0CE3CBE
:1017A000F70FB4D0E622C63EFDC707FE1DC09DDE82
:1017B0000505EB33F0120C101E53F0CDDB3601CAD9
:1017C00015D81EF50EF8EED61CE60E3415F485E09D
:1017D0001C2929E601D5101F2E81E62EFEDA0BC545
:1017E00029FD09E4F3CAD208BDE163B72FD9F0E0BF
:1017F000D0F3C5141ECFE800BFD10AC3CC1BBBCAAF
:10180000EBEA000AD1D218E6F72BFCEDEEDE29D583
:101810004AF9E80BF8D88F060DEB820B32EE58FC34
:10182000154A46DDB5E86518CBF5CF120E8FEAFAFA
:10183000F515C7EAFAD1B5E3A3D6E3EBE432DE1C33
:10184000E8AEE8D315C00023F839E50D21B418DD62
:10185000F0FC05FF0EBB2104C7C3EEF60711BD1E49
:101860001408E30626E81A4514E730B0222956FE8C
:10187000C7E3F9371E1411D6033D0A103181E3F195
:101880003201C2E7D7FDC4F4F9EB111D253A3CEF54
:1018900014122C142F0F270D24BACD4D1C811C10AF
:1018A000D0B907DB05D135ECF312C1CE31EED31D33
:1018B0007FF8F4FDE22BA3D6DE0A03D83218FDD858
:1018C000F6BAD91A62F52323CB01522B1FEC4AF446
:1018D000F3B329D500E5351EE9D6FE220D29391DC1
:1018E000DD29BD470AECF9FF3B051FD3E6DFDF7FAB
:1018F0000EFACC1930D3D61B3EF7D4CFD31A21F52C
:10190000CD3BB9170A2FE93C460D39D9263F81F165
:1019100058E7E4C2DBCD28BCC32B1A10DDD8191F51
:10192000EABC36061706203629EFEAD923FFEB3248
:1019300018DD08BCDC0D6A351CEDE41005D3D02E93
:101940002A7F5313EFF4B10AD8205DFEFF1C132742
:1019500013E406FD20FFDD057FA616D70AE1EF049C
:101960000E2D4BED1D0A3B20FB151AE43CEC15D95E
:10197000CFBB0545A105A0E9FEE5640D1AEDF6050E
:101980000F05E79AC61E3F1038E1F0CDAA38EDF8F2
:101990002614E9FB3F20F80230EBEA0D0F2F0B1F56
:1019A000EECA3E16F113C4AF16169EE00DC4D2D790
:1019B0002DA7D8D3FFEF2710BF0115F408E20D01C2
:1019C0002408182113560E0123011EFC28F017E6E7
:1019D000E5052F3EFC200C5A283129E50C2036E382
:1019E00009F704EFC6DBD9F7F1D118FA510507FE64
:1019F00021DE1EE1F89CE3EED600FAA7161428E1DA
:101A0000CFFFF0181E210B1A270C05F4070332B480
:101A1000E74A0322DEB42C650DE0F4512DEBF655B8
:101A2000FEC51B2A250C20EB62B2E0F29A951EBC83
:101A3000D90B1903F2E236DFB665F6E2E414DBF700
:101A4000D39DCA47080CE0C31DEB11D8ACA8EA8CA3
:101A5000E906E1FC06B10AF72807FF13DCEBFAE51B
:101A60002F0F1AEA49DADDEB0EF5F74A0B81111E4A
:101A7000CB3110120F123323E64F3C11C1433EB459
:101A8000FEECF0F67F1B52E93004BDE25700242D36
:101A900018F70D0CF9392F5CDCF32524151205C25B
:101AA0007F0505E20A1CFF1229F5C259D20014EB8A
:101AB000EB4DF14BE2EE1D28C3351E191BE33F1E13
:101AC0000906FC130CBC070F320DD40A0A9E120340
:101AD0005F120FF0D4E331140E27FE2D2A2EE2DE22
:101AE000F253F8FFEA1CC39AC9F3EFE4E0141420A0
:101AF0000D1066F6D9F2E8F923C6EBF791EFF30C77
:101B0000F8FDFC12E82FF814F118EDD4190F0CEFC2
:101B1000E23AE5FA07D91116FBDA8159D600120428
:101B20003E4AC30101C9361F06DB397F0A13FBE7B2
:101B3000C924DC05261C0D7ED51825341D1B047F09
:101B4000F8FD2A02E5281548F9D0B6003150D4C274
:101B50001EFC06D5E3B10FF3FB2D0A0E2434F53538
:101B60000BFE1C43130F4C0901FA192C0FEEDD0676
:101B7000E627FBBDFB3C0C39311C49E8FD070AF3A5
:101B80001ED4FDEE26E61811FED501F51216EDF174
:101B9000D2DC863B0B2DD62F16393CF91FEDF21304
:101BA0000B8B1E85E20C15E54FFA1B1FC626D8E3EA
:101BB0000344040141FEF7FE3C12DE03C118E2E1DA
:101BC00015232EF6091F3F81061D4417160FF9F144
:101BD0000FFA014BF4FD7F2A20E50BCE0422D6F844
:101BE000D7F3FBF70DEED8F9FC28031CDF1AE4F15C
:101BF000C8D07F34EEEF5403CEE31F0BD017F8129A
:101C00000B9401111FC0E1B7EB1957F0CC08DEDDD2
:101C10000328E0CA04FE0FE2F6FD1043D8CADF171E
:101C200012EF301A3CCBFE5F09E4CF062121FB996D
:101C3000EF1BD6F957FD175719035DBA200F6DF248
:101C4000E709CF08F31939F0212A0120E210250213
:101C500034B62C0939F22608DD1616BF0D08E1024C
:101C60001500F9DDEBEDCA02C9F24A1ADD411CF19B
:101C7000E6FA0825E13017E02C26E50387F614F193
:101C80003B40DBE2C71AC9EAA3FB4FD629EAF506B7
:101C900024CDB63F2781E9026EE0F40110C5A512FC
:101CA0000EDCECF903ED36D9B6B2E83025CF0629C3
:101CB00003E4222F0D702712E21A2592D43AF51F61
:101CC0001A18F2031C3904F40CEDFA19E2D5121FAC
:101CD000C7D4453016184B72CAE83C3CC80226D41B
:101CE000181B17DF3C48064FF2BF46B4EFE7250C40
:101CF000C72DC9DF60402E4513C8D81F12FCFF0D49
:101D00001E61FC1D18C93ED60C9534E2939FF32C3E
:101D100023F9E41DFC1C0272E4E544091B0EE02DCE
:101D2000EB7FE62DC85B1E66EB0C39D9FD4013FF37
:101D30001BDC7FFA1B533B1B08DE200658E145FEE7
:101D400012E0E0EFF900F803F11215FCF07FE50670
:101D50001F0FF3ACDEEA3D14C38120DEF9F45233E9
:101D6000E4E3D4E17FF3F508F3EFD2EADDD12916FD
:101D70002BF7ECE305A3F9E1C6202DF6083ACA31AA
:101D800053441884DDAA430E0DF134EA48E40CEC08
:101D90001AF10EDB09C90BC50BA748FF33145329F1
:101DA00027DAEC0CA1B202B2FD3DEFF0C100084110
:101DB000DA14DE1ADE2713AD12106CE08AFFC3E4DA
:101DC0002F050706D1F0281FE2DDE40B53DCF540B8
:101DD000F73A0A2BF736337F2AE96A2B08F111CB41
:101DE00027A47FDD15CDE6D1CD55A7D9C20B0C2F89
:101DF00026EF212B6D7F2F4A2D370E0FDA1A1E0783
:101E0000FDF5413BC604CA2CBE1C0000D317047F5D
:101E10002AE2D0127FDF0A2841F6E3F227DFE5E964
:101E2000130612F4C5D227DBE0FF02AF31CEF21861
:101E30001F1723E3DAD61012260E063241A6F34D01
:101E4000DF14290ED51BDA0D33FB0F2FC9E2A005D5
:101E5000F2FCDEDB02F2FFA5CEDEE7B8BA12DFCE7F
:101E6000D311512DE8FE3BE8341EEAF304FFC0F71E
:101E7000BFEB35EB00A31D3F00C7DE14D611DD24F8
:101E8000F6F22F7FE7CADCA5E8D2210B08CF5B3F33
:101E9000D268D635F7B6F679B7AFF4D3CFF63AB203
:101EA00073201CF8B5B51D26CCEAE8FA81EC54EF96
:101EB000B627FE24DDDF3E09EAFC1B2CD6D3F50B4A
:101EC000480320F51BFA122D20FD184EF5E4E723F8
:101ED000DA36F243B55E2222073057AC28DFABFD7D
:101EE000E7F815F2D5C8CAD201CAD3598FD8D3663C
:101EF0006F12DB2F20F019FA31030F554DCB37FF4E
:101F0000BF2D6BF0D4173B3328D7B00A00CA1B3063
:101F10002105FAEEE30E392E0EF5A93715B7E2C307
:101F2000D9CFD37E0DF817EB2D0811010929120B1B
:101F30000829094706FD42E6EF264BD1261F35EB5F
:101F400033DBF8FEF4F9DD2CFCFDB61AB7E4FF1C18
:101F50000F203BFA09BE0EC522EB1940E4EE02CE7B
:101F6000FF2DAC47F910F92501DD0BB205F501E1B4
:101F7000E420D1D052CBFC17813DB2D7F6E011CA94
:101F8000E0F2DA26D033385908EFCDF3B9FD17F275
:101F9000C332151D09DCF753DBD7F8CDF1D21FFE94
:101FA000000BED0561F6A406E9F0C8F015E30FFF9C
:101FB0003ED6090A12363EF401F30A46DD7F2011AF
:101FC00018C80FCDE1F02D0B3624F3552681D0D75C
:101FD0003CEE203229742D2460FEC8C6D2CEF5CF47
:101FE000F4E62DE129A1220FAC041DC8B2F5F1E4FD
:101FF000DF2021E6FB2A0BE32B37F7EAD92F18C69F
:10200000CFF601F037D758A80B17F5EC810ED302A5
:10201000EC0A2FFB360135CE19D4F0E9D6E13EBDEE
:1020200036E5F4432BFDCCBAD106DF14C525E28199
:10203000AFF3C5D8E529AEE4001D0419EFBEEE16D6
:1020400006D1F92D52D504F5D82CBAFAEC0337E5B0
:10205000CFF5E1C303081F091ED4D1F207D5294AE1
:102060000E23F58FD2FB8136FB92FF29FD31E9CD9E
:10207000084304FA0C141EDA0E06F7CD032120E9FA
:1020800006F5F2E604FAFE0102CD06F5FDBBF9FE07
:10209000DD02F20AB7170D031528037F00FECE09F3
:1020A000C6FE991BF9FEFE151530F5FAF20EDF2C6F
:1020B000FE2AECE81D83B2111E03F710AB02E78184
:1020C00036590A210CF137F9052413DE1628D00EF3
:1020D000B71C28EF696EEE2FD712E34B62C258345B
:1020E00015F721FE1E1A2EF6EAE013FBFB60DDC891
:1020F0000310E1FBD408080325FBE7E41D11B20837
:1021000009FD000A06FFC9E13EF917EA54211AE069
:10211000CBF2DC0915DF2AB8FB023AF9CF09E8DA7D
:10212000E717DAFD25DC1ABDFBE4500C1E089124EC
:10213000490709E5B3B0F944A538EC48C3F887C6A8
:102140002BEBBDEAFB1807EB17DFF2E237F5811541
:10215000391311DE96EA06E4F423DDA9B30940B58C
:10216000B2FF141DFAE6DC439EE6A72AD8F1CC267E
:1021700028FAE37F10A4DD04260D0CFDB80DE4273A
:10218000EC7F0103F5EB06DBFA34080F0D11F5FEC9
:102190000AF419FA08E4CD30D30893270F2A1C0E4D
:1021A000F1D4D2FCE8E01715EF050B08E6F6EF8155
:1021B0002A10B54D3B13EA23240CF2F12F08D43634
:1021C0000D3AF32BF4C30E29E00DFD4329024AEB2F
:1021D000F7D249FBB8027D3D27D0F5B1F138C111E6
:1021E00021030A7F0D6A3BECDBF8ED3DE904D141A8
:1021F0001900D93A18DF81F81232DFECC74E50F1DE
:102200000CF9290911FCF902C60B711DE42103EE3A
:10221000F5ECFC520CDA08113111CCF5F9F2EA7F39
:102220000D30BEED132A042A2F01DD0B1F2D19FBE3
:10223000E33A1A6CA8FD10EE7FE55103F511CACA06
:10224000F0DDA10CC2AABAB5D0FE0A04E42905EB60
:10225000E4047FE60E1D36F6DFD7DAEA0EFEDFD3A2
:10226000CEEDF7F30B30F805F4023BE8181210AC92
:10227000EC1CD3DEE9F937FF07F317DF0601763FE1
:1022800032F80707EB111DE718010EE82FE50AD316
:1022900046F22FF12A7BD51ECBFD50D1CEC3D4F30D
:1022A00038FDF62BF5E1231701C9FDF11514000DDA
:1022B0000902EB200416FCE40CF520FB11191C208C
:1022C000382CE1480F04D9EF01D6EA8F0828A02165
:1022D0003F40BB6AD5E02EFD2BFEDFEBEBEBF60EAD
:1022E000273DEA1BCFF6E5EA089EE0C8FBFB6F1E20
:1022F000D2DCF0082F15F4C7452615F027B61406D2
:102300000BEF35D815FAFE3BDE00F94CF922C60C6E
:10231000EAD5CF2376E6E3BF0C09EC0BF8E2D9F758
:10232000000DB8F5EA33F0281D471DD417CBC41AA9
:1023300061123B0FC71FFDE22BFC0C9FA0CAC92FE7
:1023400006A6C9FD10123709FAEB2FA595E602DBA8
:10235000D70EFF02CBA22BB507D21A55550804CFD2
:1023600005FAEFF7B815ECFEFF17E685BF22DDDFB3
:102370000F24FE00E2CB6401221AE80BD8EC10DA3D
:10238000F1061220F4091501F3FAE906090C0F2DE4
:10239000E42F21E4D3D2CDE50814F4FFD844F3E8C8
:1023A00004F21F1A07F2F10C220B031E0D0CFC1A8B
:1023B000E116040AC907F3180B2EF40FC01FDCF254
:1023C000D82AF239E52C7FE4F70F0DECE708A6E6F2
:1023D000FE6881AB0AFB0DCAFC2921DF2006B89BF1
:1023E000EA12110FD720B5F5F61CD3C0FE0D170D5C
:1023F00015FB2CECEFC8F1C5FF1204F5082FD3181C
:10240000E71B02F8FFF7F3E6C3D7F3F7F0170F1354
:1024100022122E6A1F4A14AD9C4BD6FB10112BDEE4
:10242000FE18E5F9F3BD2216152B0217E20914D8A0
:10243000DE04FAEDCE71BAFFD938013316DCF3E4CD
:102440001868321CF9093F15DDF9EEEEEB53B8BB05
:10245000EB3BDDEA2EB007811C5C02F6213CFE203E
:10246000F4A99AD1232317DA0EE8DBEADB00F7C6DA
:102470000128F6B8C8BF02DEDBB70AC782F217C46C
:102480000301EAEF811C1E4E161BF5081623D92AFC
:102490000F1426C8BFEC2BD8BEB60587FE223BEA38
:1024A000F601F61D7CE8308114D9F002DBF333C865
:1024B000F5F0E10E0F81421500FCFCE0CF05E7E9E5
:1024C000DE160FF5101D156B29FE3224051FB034E2
:1024D0000304E807FAFAF8DE190302E7FDE437E936
:1024E00018F007E70318C1260E01FF350EF308F4B4
:1024F000F524F6040E07E43A9A0123CE21E855E9C3
:10250000F3F620F0F7C058D7EDE7D21ACE5220EFFD
:102510001426B1390FCA0F1CD2EC0181D3F570EF2C
:10252000F8F1EDDB1DD502E127DFF115E62829F4EE
:10253000584EF0FDD7AFF612CA1DB416B313DF0321
:10254000C0E943EDFBDD182824BBE3F0E5FF030DF4
:1025500002D0C3261402EDFDD40AB8CBD943C7E498
:10256000EF011AB1382DE62FFE2376ECA8C42DB06A
:1025700009E0B92A412D380FDDF2DA267F1F2DDF61
:102580002BFD22FEE702EF3FDCF9B0F108100C044E
:10259000120A9B094120F7200A149D34E6C1E1107C
:1025A000A111F3C43306B4CB482B39BB6D1C3025C5
:1025B00084120AFC3832F8E209FFC80D160108231C
:1025C000EB17451507010148CDC8C22AC547EDE6FE
:1025D00005FC11FEEA051B0614010C0C0C031C0281
:1025E000F70F0C1E2E02F5AF0042F81B1726113113
:1025F0000637150B1E1BE2F47FC4FB629CA5E11796
:10260000FAFCBB0DCB2DE481031CD327141F0F282C
:10261000F30F0C2710FB2D323D3F562EF1292E666D
:102620007F79DFF9B9D417470ECBF9D202D6FDDF97
:102630001DCB2DAFF884B6F30E11F1A54BB0DD0321
:1026400033E61816BDEBF60FC8A3D9BF091B81B836
:10265000484613FE00F8EE2CA81A1EDDD5E73EFD15
:10266000EF35DD1719D6A2A740A0CCDA76F6E5D56E
:102670001136F4FA0D5D8A30F90807BD29DC40EE09
:102680000FEA5BE4FC2605F30CDF3F8B0E88180392
:10269000A3E8FC0808E14C2D0A66BC813CB1E51BAF
:1026A000FE138A5CEB11E91DBE1F2CFD5A130FF9B6
:1026B000C90FEB07D5FEF40F11ECFA1B170E17DB51
:1026C000D6F6AD8BAE51411801072D5406384A2E6F
:1026D000D5F225FA1DEFE8C7C6ECD34015FF110867
:1026E000E3080FE4B7261D81210B1F17FC1D211FD6
:1026F00047FE20E4D5F7285B13E9ED4E2D180B1D9E
:10270000D2E41C10EEEAEC06B2D9480647E7E635FB
:102710005057FFF102C71605E31F16F17704EF0BC0
:102720004B4B252B39DC06DE27EEE5120E2CCFFDB8
:10273000F94481C0201AD216F6EEEBF86929EAF3C3
:102740001CEC200B24F27633E16F7803F3BBCE0C44
:10275000369AFD1319F5B52806EA3ED6D943E9693C
:10276000DA11FD08DBE7BA2B387F524816E0FDE1AD
:102770000741FBDF05E53CEAD7201013EF1EBA2026
:102780000D173E1E08F6FAFA13F8D4253B29491610
:10279000E9F2E1FEC30DE5F73D0304100B46240A00
:1027A000D4F2F3D6F5D4362CF2F5E5066215F22212
:1027B0001200F4E927EF13E8EEEB0A17E3033EF308
:1027C000F72B340DCB81F827B523FFFAE9CAF2F9CC
:1027D00081EBFB03F81110C7C4ED093228E900E2D0
:1027E000FC32EBEB2034F18F85D2110F0D0300ED9D
:1027F000DE1D46F38562FE35F6020E87640CC0349A
:1028000070E43A2F0AF15EEE00F0DBED31221D019B
:102810000100E6FEE202BFB9EAE7F0311E1514ED51
:10282000F6F1012D240707F1ED0902FBF50605CCB1
:102830000FDEB9FDFDE107EDE3E308040D05EF0D43
:102840001D2EF617BF22090F1ADF0F50F202310EAC
:10285000DA27EFF01B10FCD907FBEDEAC9E9F519FF
:10286000F8F1B3F9FF1889032BBF00280FE2A7D7AF
:10287000217F684C43D5E1FB2F15EFC9DBDF19A69B
:10288000ECF4290AE9C84E7E1923F509E7E51A2A6E
:10289000F738C62019D91116CDEAF40C19F7142708
:1028A00007FAC2061A0B15EBC81F0FCA0E2FE0223B
:1028B000EF02FC2825F5175DB8E22311B708DD2CDF
:1028C00011F9F40EDF06FFB20CFAEC0C0109121537
:1028D000AECB1B81EEF9E4FCC3ED0713010013D36B
:1028E00015F1EA2B25DCFE8129EE091E2C1A2FC3D7
:1028F00006BAFC8EFDF1ECE2F28B02CDD2244C2123
:102900001A51E8E3DD4313392A303CE42AE7113653
:102910001DFAFBEF2C55D705FAB1DAF68D21961882
:1029200002FE1814F34FF9EB14DDE325D80D011165
:10293000F1177FEFC7F4F00BCCF42AECE546CED4C8
:10294000F9EA48FCFA1935F20F65FB141445E5EF76
:102950000D044F0F280F2BDF2A81D648F6CF020433
:102960000AE8D11810424AD4EE9E1BE1DA3AE2BAE4
:10297000FED84745273CD2B326ED4458C9FEE85A55
:10298000ED15DEF405F1E03AE3F6D5172AD0DEFEC8
:1029900007F216F1752AEE0B203C29E71104DDE45D
:1029A000CDD3C1DCFAE4B0DBF33323152E7FD0EFB7
:1029B00096ADFF1429F2FCCB20E5147F5399F60560
:1029C0000CF2EDFE10FCCDEDED10DAFC1EF604006D
:1029D000F1F213E5C044D8EDB803F5DF4DDF232352
:1029E000FC0EECA7A3CA07F8E2DDE014CF310D2BF3
:1029F000F4EAEDE8C120FA17BA3B14F0AA59C0D4A2
:102A00000F01F9F158F8152DF6320D0C81CEE7F5CE
:102A1000E6106215308103FB16FF163F990702F896
:102A20003A48EA1CCF2205F5F2DDEFDB16127ECF25
:102A3000EA03D8DDFC4AF2E30FFDF91BE7240DE5BC
:102A40005BDD5342283D1B23F704F78115F8F8D9C5
:102A5000DCF91147CAC43325DDDBE044BBE015ECEB
:102A60000803DC2629D6180819C9C150C6280E0744
:102A70000ABB080D0C06DE0A114A9B67F5172F00EA
:102A8000F7FEEE9C0C20DBF8C81608E028F1E40EF7
:102A9000EFEFBA04E1F9D85027F9D40E17FAFA117A
:102AA000FAFD122DFFF9F8C4F4285BC11113EDD122
:102AB000161E23144211AD1209E9FB098E6C16C4CF
:102AC000FA09F8F2F61C1403EBFD27F303E3F30A0B
:102AD000CC47182945353310CF030F181112F107D1
:102AE0000D092A2BCFA81DB8EC02A2B31ED684185C
:102AF000331FA81752CF433B5C01FD7F38FBFAF62A
:102B000006DEED3B12C6E1EE62F9E81FE8F750BBC6
:102B100010EB1FF9BFBADE642B1414BD3A4F33FB20
:102B2000EFE61DDDE22C81D40314F6B9BF2C03F7C8
:102B3000FE23F300B2F7FCCE1EC014B31DC810FB79
:102B4000EA3BDD0F11D429E22F24FAEEF0EB9B15BE
:102B500002E3B60C36151131DD2D25FD1F1E0215C1
:102B6000D0EFFC0D99C2367F11F0ECECC45D4B1C2C
:102B700015E6100B88D011491421921AFF0D271D5C
:102B8000060CDEFEDE0BB8C7E817661ADE7FE3FC34
:102B900081342A03DA461519F7F01DF5120223C114
:102BA000F4EBFB060DD319BBFFCB52EEC76614E75F
:102BB00010E12ED3FC2D38EBEA124A95BAFFC7CFAD
:102BC000DFF67F0114D4090602EE1CFDF20BF3FEC2
:102BD0000700E6FDFC45F2EA1FE8E5C215D5F0DC8A
:102BE0002F01EC16D7EDB9FF2BCBB1D1F1E64E4159
:102BF00006F20C3FE1AD0B5839E8EFFEE012DDE1E3
:102C0000F1FDEF0AE71205F004021D0C172C7F18E6
:102C10000A17681403FA38F8EA0601EEEE11E530F7
:102C20002419FF400038E516F833C9F558E77F5AF4
:102C3000DA472CC0DF2108BC42F80DF808FAEEBED6
:102C40002208D61546ED1AF2FAE6F9F7E904F92B4F
:102C500003E2061607F7D5E2BE0F04D4FBEAD51946
:102C6000E7B7BE293781E55DDBE5071D22FBD61EF0
:102C70001D15CDF0DF171568E902EEB6C112FDFE95
:102C8000D5203604FD131D21251D447B042D0B6B1F
:102C9000F905FA042F03FCE011F0FF1FE2130A20EC
:102CA0001E070B26F30EFD19D5198108FFA835FF65
:102CB00025B8120E6919EE53E908B5CCEDBB9DFCA1
:102CC000E565DFD6EC270F28FF0008F0A82125D303
:102CD00006E1170ABF1DF726151BF30C4FFAF1E8A2
:102CE0003851F5EAB415420E4911E503F53920E8EB
:102CF000F9FAD41654EEDBC934B0CA42D3E0F7E88F
:102D0000D1EEF0051CE0F1ED4610231BD4FFFCEBE7
:102D10000512E53FDFF8EAF8380C18F50A100B7FCA
:102D2000462FFB34291DE51FDE2CE9AD33C9C30A4C
:102D3000FE06E37E4A701A32F7D11214C01A76FDED
:102D40000001CCFA1D0919FDFB250D1E7FD7E5F00A
:102D50005B0D03FD42540D1FFD1CFCF5EEFB163808
:102D6000C215A8FED8F73AECE49D1B8E25E00A8533
:102D7000040C163EF5FD0C30F0DAF5FFEA813AEA74
:102D8000DBFCE7F566BB7FFE06223CB7BA37D7B758
:102D9000FAEE81EE040FCEF8F635030DFE27F107AB
:102DA000E7FD0E0B1D1504CB1B0FFF11E7FC0A0CF2
:102DB00048E50E00FFE761C211E67F055A1BE718E0
:102DC000EE150E02ACE703E828F3F6D4F4C4DFE115
:102DD00002FDF30005F70E19F70910E4811E27FC28
:102DE000D0D03D1808044B47F6EC1C6C2D0652DF82
:102DF000DFF935F9E5E66BDE97EDB8D1225509EF3D
:102E0000232F1DDB0E38F5F44D03EBF0FADDEBDA82
:102E1000EFF9F4EE2B0BF4D4F6F614F321E82DF2CF
:102E2000F62C8A0E064030F9C2E4D821E5F00817E6
:102E300000E017E9E6079CA3323912D0E6C0220B66
:102E4000EE1BED2403F4F01100FDE4CE0201280096
:102E50007F01DC0BE004D709F5FB1C2104F4374E9D
:102E600084BB3D68D33519C22A05092CDE4DDC0E22
:102E7000301F392EF925252450E5FAC907C002EF85
:102E80004D7DBE2BFB0163E04D5B47E31412239C99
:102E90001BFBED0D19F38D06F71515F9F4F5EB0194
:102EA0000D1407FB0F16171B0401F60704200DE293
:102EB000B001214A0C130820EFB3311EE26317DF83
:102EC00009E206F014F4DBCCF27F03DF28FBD3C960
:102ED0000AF019E806F906E63305050FF2EBDDFA0C
:102EE0003CD9171D605A410EFD0C0681A7CEF90191
:102EF000F23EE1EFAB93DADF8127CFD5F02238063F
:102F0000E4293C0FF4E50FF6FA1F5805FC2A1323B9
:102F1000E3CDF0F205E6E4F83232F1FED5E2C5FA8F
:102F2000F50EEB1CD9D23A503AF231E5CEE7F4DC9B
:102F3000363C0D0140B37FDDB6FF9ED3DD3607245E
:102F4000FCF4DB05EB2B0FFC130E11FBFAE6C6D8E5
:102F50000BD9FBCC11F4E8F8FDF1E1EFEFF0C80C70
:102F6000FCAD2CBCF42C123A1DD6F2D7122DDCFE8F
:102F700033F08B002D0BF8D32F2DFE27171ED0FD1D
:102F80001657741911DE1AFA3BFEFC1A1226BD05FB
:102F90001A0A35E10EE0FC08F8D6E00B0124D60948
:102FA0001E0015AB20E91019150B100304050BB01A
:102FB00000C032C4192910DC05CEF22A40EFB2F667
:102FC000EF5811F5E4F3F301285FE7D90FE523EAA1
:102FD0000EECFDE729F1F91DEFC70CFFF41051F0DD
:102FE0003EF9F02E52FA4649C17BE214459AEE4072
:102FF000F8DD1DF5F433064740E4F5EFF80F7ADA13
:103000003C1E63DA97B150E821D99045B3EE06FE35
:10301000B9EDC8DFE4F11814F769DF052B4A04EBBA
:10302000D9D3E0120439E2F2012D17E6F3ED0F09CE
:10303000FD2BF8EE0001F2EAFAE91FFFE40D171389
:1030400009F3EEDB11F2FEFFEEF9F603F4FB1506D1
:10305000BC0823A11DF42D0B04012411C7D9F7B618
:10306000211E94C2A8C3EEC90DDA26F316FFFDFF98
:10307000DE151D1C1BEC1221011108E481B3EEE8E2
:103080001912EF2300C5EBF5F0B1EFF3DCF114C436
:103090009C10EF0F0B08FA00020E00020006F4F27B
:1030A000EC25F1BFB7AEC8D0E8F7EF448118E306CE
:1030B000628BC6E7E1F8E502F43EEBC96CA2FBC106
:1030C000BE2C41DBA2050E15282CF6FCCF4DFB02D1
:1030D000ED7F51C402DB26F1FCDE784FE01104D015
:1030E00005160EFB17F6F6040AFC0D09F8E7DA11CF
:1030F000F6DBF0270E2700EDF7EC01ECC231D5F13D
:10310000F7BACEB8F2BBCFCCC734D81E81E1B9C76D
:10311000E911EDC705F10BC34A03F6E202F5D8FF4A
:1031200016F8E1E4F428E5B228D90410C101DA095F
:10313000CED422F10F0C1310D9CADF2401FCFC1FDE
:10314000EBEE09CDF9080AE016ED00EAEE06F9F813
:103150003DF3FF34108F1BE423253035BB00F50B06
:10316000F625E6C677CA29FCF0E42DF7F706F1D478
:103170001103020133A8E6EF25D8C91A37FE0FF56F
:10318000E7FEF0FDFF282CCCD7DF7FD20BE9F3E37D
:10319000130002D60DF4F52014FEF80AF411172FCF
:1031A000FB18282267081B41ECD9EDF3D808F3FE81
:1031B000EF31C6100EC6E60878101AD5E014E5F017
:1031C0001C0AEC0621485CD312F37AFAF6F90CC417
:1031D00002EF07EEEB030514F335E917F7F329D2F5
:1031E000FD18F801FF03F2F1F406F981FA14F9F27F
:1031F0000EFA2B0CED1621BFDB2C0AED080B112764
:10320000BE07F1E9D9142A95D4BD0BB85419FA8D2B
:103210001746FAB228200BADF219CFE678DC08EF9A
:103220000CD9F8E60CEEECFEE5BAFB1519F3D1F774
:103230003AD209E3FFE321FAE4F20612AA220E1DB4
:1032400011E1F7000AEAF1E31B0B020C0912F00D81
:1032500037C6075FEDD7DD2141182A378918954C0D
:10326000FD9FE93DF9F6AFCA7FD7F0EC1B39CCD30F
:103270000D1A12F4E8BE32FB442CCC1DF0D61CEC27
:10328000C6EE05BA0AC6C8D7EBF32248FA16AFF65F
:1032900006D1FDFEEFEE181ECE023C351FEE061BDA
:1032A000F5EADF40EC37F7F8E724FB2BFF2AE009CB
:1032B000A4CEDBCA0B08D9F260F20D0314A281DEA2
:1032C000E081FA311016DBEF011E1D37F3090036DD
:1032D000560AFC03D5F90AF4E8F9FE17E760154F22
:1032E000D904F3F606F50408FD000201FC03F2031D
:1032F0000C22E5EC0313EC56020FF513E6F1F0DBBC
:10330000F7458161F3D5D91F0CF2EB004CD400D402
:10331000B3081BF08115C1F10530FDA71400F9BFFA
:1033200008EBF7F3F30B488127D8FDE60934F718CB
:103330001816C00715D6C4E4CAF2EA0D7F08B50E08
:10334000F4FC431F060B0EF9E5FF7F60F20DD4E994
:1033500017F5E8375C64270E6EB17FE4311EEC1F71
:103360001D0B241EFBF2BDF20400D5B023E912D3DD
:103370001AE51940F31C0C321E02EC24F5F1EB1C8B
:1033800007F610FCB6EDCDB910CBED0CCCF4F4C6BD
:10339000240ADD03080522D50E1C0102047FED314D
:1033A0002821ECDD4103DAFDE534BD09F5EFFEC966
:1033B000C5E7ECD0C9BC2C310016DCFAD2D3C3C4AB
:1033C000EB080641C12420352BD81F322911373C88
:1033D0003DFBB945FD15CAF9FD0001D8330F3B028D
:1033E00015030107EE9826FB0011FA17E8FE0FFC03
:1033F0009305EB1009152AEC44E30381090ED81755
:10340000D30926D7DD1407E61AE1FEFF3D81C9F294
:10341000EA06DDEB2F02D4FBDEADECDD1A0F071F51
:1034200045D4EE07FAE524FC084CF2FA032B07C258
:10343000EEEAB73F652291482F1036093A350A0760
:1034400010D90F7FB25411FF28CC05FEF9D5EAF14F
:103450000BDBDF672B520CD8F009FCD32E022604BD
:1034600027D8FE153CFE18F323330410FFFDFA1590
:10347000F7FCF31F56C90E01290111FE08F10217CE
:10348000CA24231CA8D5331EFE08F31020EA1AEA2A
:103490002A2C20C0A9C9284A06F5032FF8A50A033B
:1034A000CDBCB3D4B559BFDCE52D040AF8EDE95124
:1034B000FF01CFD82D2ADEFEC9FCF403303ED7032E
:1034C000EEFAF11A2B22923C29E52323FC3C174CFF
:1034D00077DDEA0D591BEFE2D92214C0EB26E22575
:1034E000013C4BE6C00638D6CEEF1D280644D3F586
:1034F00011F9E5EA0907D4F981F90219FCEA05FA9C
:103500003B3FEDEEF91513E636FBFC0C3B14AC3FEC
:10351000FF09E1D81F4715FEC2E7DB00DB12F6FB0F
:10352000320022C316ED310424D4BEF6FDE1E84595
:103530001B3D1714014A07CEE5C00BE340F5023EE0
:10354000F226E1BC00280A26F0E5D22D2E18ED2047
:10355000E2200134AAFBDF2CE3A6EC46FDDAC139F8
:103560000500BCE4F83FF2FD22F0D4F801E821EEBA
:10357000BD051C12FCDF2262E741FE02601E24B082
:1035800003D91A160DD3FE7F1B23092F2BEA4112F4
:10359000E9C6DFFE02A4FBE51D26CC22F1DD11F415
:1035A000F3CCDA2AB22ADE11F1E0E60E21C511F3DE
:1035B000EC324EBC22E70D40F42CD021371606E445
:1035C0002A1A1605FA09F7E1B4D50ED32B030236F1
:1035D000ABD509671B32F87503FA2B07BAF325C27E
:1035E00022F0AC46974B3B2EFA63FCD929BD09E685
:1035F0000B150AF30509000DE40AFF0BFC10051B6F
:10360000F4D3DF0E2BDFFDF9EAF53A19DEDAF9C162
:10361000CF13FA15001E1AF1BA0503AFFAE2FC1334
:10362000EFFB022DF21D34D20701171C210AE7D24D
:103630001BD50AFA1B20FC730C280718F5C4297F38
:103640001EE7D7090D0AE7D556F313E12CF9F42A42
:10365000F9E57E284142DD140181F0F71F93F72F31
:10366000C713F1180D537F1D08F13E1F20FF2CBF1B
:103670004DCF109A54F7FAE96DF4FBFD51D568E18E
:10368000190A1DD20FF11301080AFDEF3A0D45E9A1
:10369000EC061C28DFE6ECDF07B329ECFF2903D298
:1036A000E7FFF2E9C5D54727C400E5DED9C4130119
:1036B000CAE10E29F1345A220E331ED5F6E532E264
:1036C000B5F71618043E007FEE091EFF07D04E0F17
:1036D000F07FF202AD495A282DFBF7593C0E4B0BF7
:1036E0000656ED22182C7B1781E2F51A19BDEE352E
:1036F000DCFB0A1BF208312DF30C0BED05E9361546
:10370000C801DF06340E2312CC040CE7FD2B193D53
:1037100014CFC00C08F707AE7FFFFAF404FE0208CE
:10372000F2DE33F01101053637DBF5FF0FD18125CD
:1037300003CA22FC222847EB15CF0EE2F121162AFC
:1037400028FDCA07F1F2F110B7232CD8F6DED331E9
:10375000E32A54402D4437008BFC15CDD71DA838E3
:10376000CAE5E90FCE0704FAC8EA13E514FFF9FA2F
:10377000E06650F7A0B61F6B197F59C8EBAB77D442
:103780000B470EFFFDE3F231B85CECD11CFA2006CA
:1037900059EFD009E320CCE481FA0777041CE8EE66
:1037A000DBB27FF5EAE4D2C199E64023EDF835506B
:1037B000DEEFCE00023FCC4402001404369F81129B
:1037C00038DD4047380357FDD2EFE706E736ED1105
:1037D000EBF50AFFE3DC29FDE2F8F5460660F26648
:1037E000DB0900C03C0658051FF0D7B4EC1DA71735
:1037F0000A0D0C020B2C0F1BFA12EFDA0EF2051356
:10380000F218CE0892A8F9FEF497C7ECD8B713586F
:10381000FFFA1F4C3E2C0ADE0903C0F8FFC88105E1
:103820000703EC02E2270F41F330092147191B106F
:10383000151D12F52BFE1B27D30E2209021E09EEC1
:10384000F7E5A0112A2F3859FF2B0FBA5811131A78
:10385000FF3329D1B6C26037C3E56F12C83047C302
:10386000814526534A0105F4E0A628551BF7F219B5
:10387000DA21EED2131F0414D7D40B13F9E8EF1892
:103880001403060A11612709FE32F30FEF1E3C47AD
:103890002526E709E3F2FE50F2CF02E7470632D5CC
:1038A00020001CF812F31A0C180501056D0141E700
:1038B0000A0EFB2F41F1FF0B1805C400010BDCF4CD
:1038C000F40C0F124FF8B111F9B7FA09FAB9D9434C
:1038D000FD48F900D0FE210EDA1B120F04DEEEF3D4
:1038E000E4FC1DD366332BDA262A11E2EC658868E6
:1038F00004F227F5E3C0F911FCE3F5EC5C2BD314DB
:103900007FEDFCF4F4B8E402D66350F40CEDFA0653
:103910002D352AFED73CF3D6DED413C61015AB35B1
:1039200007400DEF812AE4F30B3109DDCC2AE2D9FF
:10393000C6E3EFBE0AF2DA4A1E1EE900E2EE7FF0AD
:10394000F90B191A12201738111E39FEF7F8353005
:10395000F98CD7A5CEA2E614014CE14EC7F454FC75
:1039600010F6F0020CE50525DD1D01DBDDFE350C52
:103970001951F6FF000E30FCD911020226F618FA92
:10398000351486FF0C131B3638D320F50D81DFFC70
:10399000FEF80DF7F2EFFBF5D833E2F5B9DB2DF7C2
:1039A0000C311532CA04E2F70E01F5F8230C1FDBC7
:1039B0000916FCD80C2828010420FD0535F8ECE692
:1039C000D93C34690C27FD01A6EE2781E618FD0DD0
:1039D000F7EB2EF6F2B000263738F6041714111163
:1039E000DFFB4004FD4BDD2B4507F71A24F7ADD66E
:1039F000CCE1741D08F6C1E4CC27F1ED13DF3AD316
:103A0000E4B9CC3322120304F336FADBFACCD2F554
:103A1000200BDEE93F61ECDDE75A0D3ADFDD29F0EE
:103A2000F0331A0E161A480BF2285B1526D7F4EF5E
:103A3000BD061FEFFE2C42EAFBF30D06104609F40B
:103A4000210A2C1441EF077F07FCEFFFF6D80B7912
:103A5000D7EA3614DB0660E61234F9D8107FD614A4
:103A6000EF12023BFD0D2339D317072A854C5E3E2A
:103A700014961927D600000CE0181FD1F2E0CC2EC6
:103A8000EF09041F3552F60F2F0706EDD8AFFE04DD
:103A900002177FCDD4DFC6EAFAE4BACE07EBE20C18
:103AA00024E2E332EA39DB0003F37F08EEFEFF1E77
:103AB000F3FFE0C608FEFD1A30FE020E52CD17F7E6
:103AC000C122FEEC4D36C432ECF7FD0CFEDF50F2A5
:103AD0007F430912E90CF71C3F0518B516094D0A7A
:103AE000FAE81FEC15DC53FF42A8284701193118EA
:103AF00016B653FBE92D02F71AF37FE7E60CE32F26
:103B000020E8FEF3F309D1CB35CDFDB8215A17BD1E
:103B1000DDC2141EF974C9F7A31D89F7D202251955
:103B200019E3F9DFD602E7E7B3DC0134D418AB1DA3
:103B3000ED0EEBEEC4FBFB1DD56510F51FBC230796
:103B4000CAF1239006024130131EF5EAC12048E471
:103B50001238C9EC151C90360937CFAB5E92E2FDE6
:103B60007EE8E4270E19F4BED4EA0D2232102311A8
:103B70001613061DF9E80B224816811D1812196C40
:103B8000F042134B29E226DD1EE014D3FF3AE52371
:103B90002BD3FD95CEF1F3031E1CE50DF6BFCDF73B
:103BA00005F0FB04F9F309D5E9CA200110D4E6D2E7
:103BB000EB0721088102EC4E372D11D6DCB145040C
:103BC0005C31260614B076D5B636F3EDB04C2CF940
:103BD000365D08E712E2F33CE071260D1E10D615A3
:103BE000860F503EEA0333E36706028105E43FE5B2
:103BF0000CCEECF1EBDFC3F40640F906EFF991F2DD
:103C0000019ECC341C20112C1508818647C0F44538
:103C100022C2E3FFE3FC1AACE0D0E6B82A12F14F6F
:103C2000F0E321F4EC2B00F41DFFF814F00E3154F6
:103C30001024AE34141727EEEA2C02E81E19581C83
:103C4000E53617E71CDEEB3636B33B7FFBFA22B2D4
:103C5000F9F8FF0900EE08FAFF00FDE1F519FBF99C
:103C60000023F7FFACE72E41248EFAFB29BE08F5AE
:103C70001AD6E320E0DAF3FA1401F1F607FBC510D7
:103C8000F226CB19EAD4F94AFCF6FCFD34097FD9B7
:103C9000CD252BE3A4FB00CC1F302F0AEE4FDDE037
:103CA0001F181EE0BAEC0CFD0BF3360EE014DCF826
:103CB0000401C206AB06ADDFF1ECD3D20CF7FE2651
:103CC000CFDFB84B7F3419E4001B208A1ABB3FE7D3
:103CD00018A5D31834168F17C8D5CEDC08CF0A59CB
:103CE00015E8CBFCF80AE0F081F1C7ECFFEFF3EF49
:103CF000071D23EDFED9D508EADEFFC3272AA1FC64
:103D0000F8E4310F3AD11BF317CE12115409052EE6
:103D1000D39281ECFF99294DFBF7F81C0ABA12E601
:103D2000DA060F14DC13FC4B0FF13713FD350A10C4
:103D3000034BF100EBD710271AE944CBFE3543ECD7
:103D4000EBB5CEC701FF2108E611E02EA6C364CB78
:103D5000FE2DEDE4CBEEFDFEDED90B16F47FFF1059
:103D6000FE0DD4D1E2D01318BBFABDF5071ADDCA97
:103D70004AD712B9140AE8E527D6F5E93716E8312B
:103D8000D7F8C9E30ED445E6DDEF2A01D8D61B05E6
:103D900054C8D922E6FC33A410F3F913FDFA96B403
:103DA00048B6D6CCDDF8B2F30044E9B2E4D6F3E38A
:103DB00001F1FFD7E91DF9DEFDC60401ED3ADEF49D
:103DC00006C54256CED9B4010BD503F9E3413515EA
:103DD000D02B1B7F0AF0F1E7B1C732B01D0CF431D4
:103DE00002E710F3F3FE0BE1EBF90DE9F4F8FF2B1A
:103DF00006FCFD1CE8FFB816DE18DE15061CFFA148
:103E000001C2F3EA3FF3D33AFDDF263FDEA6CE4AF6
:103E100046B5CAF12A0C4B11D3D9F1FC23EAFD1A9D
:103E20000E200DC812D7C9F4F2EBF6E881FA36017C
:103E3000DBDD92E61514FB5A207F10FDE82218F90D
:103E4000F8D2301D0A0A1ECA2AE00E9C1B2A4ED840
:103E500019F2F81AE01B0621C9F5FB0FFF09C93753
:103E6000032B1DFA57243EB955B1F8ED0722B914BA
:103E70001123181E7FFB14E8191D3700250DDC3FA8
:103E80000A173A0BF1F0E6EEEDDEF2D313CEEF02B5
:103E900075DCE914DFA71B0004FEEAF0DAFB814BB6
:103EA000FAE3CDE4BFE80AE7225A10F8F34C020423
:103EB000D721EDCE3BEEF2DCE0E9EFDB17D8E4E50D
:103EC0000BD302251D241B4D3E22ACE0844D063D44
:103ED0008E090EFA503BE55FF412F112FAAFCEEF05
:103EE000B4FEF81707EEEF13FB0DF9CA02D7FCD5A5
:103EF000FFF399058A463BE8180E7FD217131E057B
:103F00002AE241C7DC241D0C0FE545F1C5F1D6D8E6
:103F10002644D3040DDB021BA27119CF0122F72224
:103F2000D655270641003E1223143E1309F33E21C5
:103F3000C2FE562A1A4410BFC7EF00084116500AA5
:103F4000DD11CB0BEFEB09476B34DBBB57B3DC0662
:103F5000B7173613F311F723F4F11921EDFA2CCD2D
:103F60008110B1DFEB1C18070E1546CBD2FEEF57C0
:103F700038E4E30E2C16BFE2E1E202EEEEDFB7F228
:103F80003AF1DBAAD9E6F44F170DD211FDFAC6FFBC
:103F90002B0210DA96C7B3EAF599E31C1DD928293C
:103FA000249ACFD8FB58F3EBE615EDFF81EE1EF017
:103FB000F7E4E3A7E0D081F39BF5D1C4E5F1F40C7D
:103FC000F36A16550C1A371C512C1A4B08F06AF27A
:103FD0002B1C6CEC34E06CDA130FD5D8B95105F119
:103FE000DAF732E90EFE26E70109ECD6EA08EE1C04
:103FF0001ECBB103F702EEF5351E0ADAF8448E0146
:10400000C9A7F332DBC1AC1708097FC313E7FE076A
:1040100019162BA61CF82AECF6E623F6FE1EECE693
:10402000E5F0ED0FFDDE01193A0D00EE15EBFAA3F8
:10403000E4F5D1DE21090EBDE4F2812F07F8F50A7F
:10404000F7375901D7431DD757187F6D562604F20D
:10405000088E4D10EE14BAFE269151C71E0A0F129B
:104060002488212EE70CCB5C1F193A19100D012C66
:10407000D9F2BC1BEA3B400AEFE92D04EF1FF8C55B
:10408000FCB1C8F30E1B53FA34B2AAD0E903FD10F9
:10409000F739E831EBFDFA1DF2362FF6DBF2082F87
:1040A000E1E04AF20E2107191081E0F7FD06F5FF65
:1040B0001F1B2CF9141E1D1DD91831F0C6EDBF446D
:1040C000FFE13D1C0A1DFAA639E80CE7150D06179D
:1040D0000B13EB09BDB3D009FAB3D7F528FD12F3E2
:1040E000250F2A22EF654C8C321A11463BF0FB0952
:1040F00000F7F2D87F0EE610EF020FDE12EAFBE0C7
:10410000E4FCD7F0C049EBEEF821B621E2C88AE81A
:10411000C7365501E66519E6FFFBC10AF4E4EEF384
:10412000D6EE069913F0EBCE08C7E6D9E20E0C14D2
:10413000152FE7F904F8A9C81F2C1AD90EE46B0C47
:104140005D703EDDF8AE393F5214BBDB1201D2EE9A
:10415000534B1B1506D97F59271C1907C3E8F10DCE
:104160003006FDFA0FDFDC14403CEF09DE0ABBF439
:10417000FD3CFA221930C40B4BE9C2E5F581E6E5B6
:10418000E0E6FCFBE4C1D21E38FC2D172930FAF81A
:104190002AE608F0F77FE3C8FFF0151A0B2D1DE89B
:1041A000F5F0F5F90DFA1FEAECEA25F81217EAFE28
:1041B00011C208DD2EEF06010A092E241E1C0BBABF
:1041C000141DFA00DB3B2B09F1D5F309FCEC41EBA4
:1041D000E9CBCBEA2A40EBF4F0A92C11F0FCE20F7A
:1041E000151E3F1BB8F4CB1B36F9053902DA24053E
:1041F0001F08B6F1D7F0150E0AED17D5E60F091115
:10420000121AC4EFD900EDCB6800CD0ED800FEEC39
:10421000EFAF39120E0D1D000740D9F1EA1D01174D
:1042200012F00C0E9F12AAE4EE810DD3FA35BEAE49
:10423000BE0608DE36FCDAC64325250B1B05453CC9
:104240004CB63D1CD40B497C1BF9F613C713CB07A6
:10425000B33B281204D007030C064E61F3D6145466
:104260007F000D31FDE1FEE112F0E559F41A1F0F58
:10427000B9566BD0CB3FF311DB911540E9000A082A
:104280005DA4F8E3F1031716D822F51619CDE181E4
:1042900062284728FADA0F3368CE11B0DCDE1655F3
:1042A0000BDB10F2DA05F1D310F6FAF6050DDE138A
:1042B0000312F61A1EF61ED8F9FAF23381D91F013D
:1042C000D82301304505192742F1C7ECFA37D88EBB
:1042D0003B05D10C00FCFFBD4ECDF081FCFE1D1E48
:1042E000E2E814171232307F0CF50635FA0F33CF9F
:1042F000FA39D9FF1902F561F8FCDD170EEBFBF96D
:104300005D1AFBCFE102F3AF8CEE0DF82A1CF8B872
:10431000DE07F3E5D6113353A50A7FDB16F0F52E41
:10432000B2B44F17DA3AE5F7D677CF3BF0021FDA8F
:1043300029BAF13EFDD229DCFAD2E200ED07060EE1
:10434000FD240C1B49255B411F83EF2D3C0EFF74A0
:10435000F0B425F5F2CE1F35F9F3E4FEE602E87875
:1043600005CEF5D932DB27DA38EFF726C6EDEAFAC3
:10437000FA22E4E10D3EEDE812D4B950F3F802B2AE
:1043800010A54AD8C601F0F10A1CEFD2E3FE12F7DD
:10439000EFF602141A14F33E0107E2E91305F9D609
:1043A000DAEC30FDFCD92FE2DD12F017FB030B092C
:1043B00036190EED1034123314C5EE132A32D70518
:1043C000F5E10E360DA5617FB911143256FB01CE11
:1043D0001ED0CEB5E67502D1D816EADF4BFD040536
:1043E0001B1932140B11914F120D02EFEE0BECE280
:1043F00022FA0DCF00F51EF0F1E902EF05E7EEFE1F
:10440000170E5C2809D706E6EBF6BBF0A11F815614
:10441000EF8551EAED2BF61B1D26481F210E00C625
:1044200018D45007F2CF480F06E9E4021300023D0A
:104430000F0AFCFD00D30E02F9081F061801F57FD4
:1044400002E7FC17FE15D10EE0E500D6FD0D038155
:104450001B07EDFBF622E8E9E91D32B8FF20FC81DD
:10446000F3E9FC0128EDD10BFC45310DBE1C0B849A
:104470000713192D11CCE37F10424CE8CAEE120B42
:1044800001EFBF16C8E81D8C6A6768C825EA293D98
:10449000F130171E1B14210105F340EC40FEF1031F
:1044A00029AFDE1CEDD0E915D8321829EB05FA0545
:1044B0001131DEF9EBEDD021E816ECF4F2F50B0F3B
:1044C0001341FA02F701BAD1C30B8115F4F9FABC12
:1044D0003C0C6F2F0C28B518E78220F2DFF2FBFDB1
:1044E0001CF68EFF1CF7260FACB716DCBC022CB8EE
:1044F000F87FDBFEE91F0AF4F821F202F8090C004C
:10450000ECB331062DFD06F1172B44FEDFFBF28BD9
:10451000C24D1C2311F642C3064D1913EE16B6F315
:104520000B01E815C5F81F0A0520BB25010443F857
:104530002FFB07F20822E1081BEFE0070B151AF02A
:10454000EACFF9FCFE35F6FB0611A7DDE92108FFED
:104550002CECEEAA1502F3F60A1EDFFF77070F30E8
:104560000B053E10052804FF2C0EA823EC1A8FE63D
:10457000BDCEA7002FCF13B50915A9DBD707CB06F2
:10458000FD1AC31A48ED0491FD1C42921D4AFCE538
:10459000B5040FE6DD11E009EFE8B33A03FC7FF65E
:1045A0000626C9EE2DEDBFEBECC20ACE1F8139FE07
:1045B000B8E3A6F40AEACD02FBE6FA9AE1ED1A00A6
:1045C000ED0FF8FB06A0EDE4D8013ABF0CDCD21EDB
:1045D00039DA0904F18116560729F842F7A0EAED05
:1045E00022DFD303EAF7D50511E1FAB2FF10FBDCB5
:1045F000EAFB03FFEEC0C914F6EA07F2FFDDE4F4BC
:104600000E1E201CF13165D0F2F411FFE5F3F90C18
:10461000E2C0FBFDBA07E6FCD8FB247F0A0DFAC80E
:10462000F709C20CEB02CDFE195A0A0D06E3AC17CE
:10463000F4F8E1040E0C0BEA0AE20A1C03FA35FA5C
:104640003E11F5060D05F8103C2AE1040407DAD600
:10465000351AF9DE2A0FEADC1CEEED16FEF020001A
:10466000F7F74503C9F434D212AABC37D5EBEC09ED
:104670000D2556EACD0FF0E032D0A3E9EB0913097E
:1046800017F48C190915310E6A33FFBD05D5E33EC9
:1046900053CB250F070F0317D4BE49F313292EDD83
:1046A00073CCCAEB38E200DA2EF71F031A15149503
:1046B000F416DD0CE4082001F1D5D40AF6ECDE1482
:1046C0001845DB03E4060FEFC6B2E41A11F9B30E86
:1046D0002F08F4141CFFFE16AEC2CA7E15123DB799
:1046E000C41505F304F9E9A3E3C9E419EA12C6FC09
:1046F000D709280407F8F055F4FEF605010C041359
:1047000001C0D623F00F0B1DF201F132ECF2F400E0
:1047100005310ECFFF11E127FA1CDC0FE2E8FFFBA9
:10472000EF2F3275F481373A13082A024400001340
:104730000B240BDD0B1333152218F5F2C9FCFFF621
:10474000EC08FE2B1C25E61324E907F315EC05F312
:10475000C80FF12CFBE6E617F00E052B20EB94F7C3
:10476000693604D6EF7FDCD3ABE6D72D5712EEC8FF
:1047700021122AACFE06E067C8ADDCCFF7F50EEBE0
:10478000FEEBAFE328188179325F12170D161A3A43
:10479000E0E31D5512BA0D111711EAD862F1FDF2CE
:1047A0000789F5EF00D47BA8E2D0D2E537090616D9
:1047B0001324060EDFDA757FC3F5E015DD1802D28B
:1047C000F678C329F691BA30E2E62D0D26BFD3CE96
:1047D000EE2442A50541FA3AD5E2292AF6DBF20792
:1047E000C4060544EEF37F2E04F2EE13F0F91D002B
:1047F00020F92FE514D9BD0AFACDD7070C11FBE833
:10480000F017AFFB0CD9F7CDBB3028E5F113F6AFAD
:1048100023ECF90EF9F8E8F9CBD831E6E1050DF112
:1048200004F4D800E90381EAF9FDA7F7F509FD0DC5
:10483000F5EAE530EC7BB7243428B01768DEE67F74
:1048400000DD15FDE91607EDFBED0DF7E511F28131
:10485000170C20F3FA113E7F36F4FD17FCF2F4CA70
:10486000E4F8F203EB26C2E5FEE1EFF506F5EBD83E
:10487000ED061709FAE7ECF1FEFE41F419FBFFF92A
:10488000190614F311D57FD6D321ECFEFC06F733BD
:10489000FCF4C5DCD300202EFAFDD00F0FF618056E
:1048A000EF5DE4E3FDEEF409D933FBF2DDE0D4A3E0
:1048B000F7E7CE132237FAB7F9E421162AE7DFE04B
:1048C000FFD9EDDA09B4C11CABE5FEE2D00802164F
:1048D0000722F01A09F811EF07200AFFF01AFF3B30
:1048E0000DFFB7EBFCBBCDD1D7BFD6FD15F61EFC37
:1048F0000681CDFFFCFDFB020977060201080607D1
:10490000B2F1E03A1B2BA8C8C8090FCDA3880BF958
:1049100031030A18FC10514AF721BCF4FB1BAAED25
:10492000AB1CF1FD1BE6230EE2D5DFE3FDD1CA0B84
:10493000EC1D3CDD980DF8F4FD2E9EDC51B5E91A16
:10494000C4FCE31BFA0BECF7E8E4071D06EBD5F813
:10495000E3E2F30CF2DF2AE01201F7D02012E607BF
:10496000271F1C047FC9FE1D1BF51A151921F5ED23
:1049700008E9FCF706D51DFC15E21CEDFF101E0032
:10498000180BF3F9FDC9382211F418F2FBE1EC071A
:10499000FAE70206D63597EA192ADAC8EBB8190AF7
:1049A000EB34D1C237CF08F022EEF655E8DAE6E074
:1049B000DED615E1D4F51623423100F70688C5E6A8
:1049C000B7C9C9091FEF0231E204BD1127389BEFB7
:1049D000C41F25041FD1020A05FEEFFBEF8103026D
:1049E00036FD0A13FE53F4FE1EEFC0C2F4EF151E8F
:1049F000F311F1FCF012F3FE06130200FA09FCFFBA
:104A00009F20BB113191DCF3052B01EBE2F61F0B6C
:104A1000250BDD7FEDF0180D2301DD4F0DF91DFA9B
:104A2000FD24DBFCCD082BFA06DBBD0AFA14450990
:104A3000CCFFD0F6E6FF3560ECD5EB1A01FED6C60A
:104A4000E92A1E05DF00DF17E8EA2CF82EFBFEFF3F
:104A5000D407DBF6F82520E6CF13FD02061CEE1086
:104A6000ECCB2C2313F12C1CEF012A09FB0FD7E709
:104A70000EF60D08FBF704FF7F25070EFE019721B8
:104A8000030828F2ED130BF149E0DA2011F1B043ED
:104A900056D807F5FD0CFEFF81FE0E151709F52C03
:104AA0003B2D5B05EF23E61A81EAD4DD07E9B71D4C
:104AB000CA2AE70AEB13F519487F0C4726F703CDFE
:104AC000E8E88506CA049B050B9CD545FEE0F6BFC9
:104AD00007D488F2E807E3FDF2EA040CED00114F79
:104AE000321F001EFAFFF681141608001BFE1BFF82
:104AF0000BF0F403FB0501FF080403FFF1FDF5FBD8
:104B0000E737EF2308130025D581EE5E6AF604F738
:104B1000FAEFECEC0DBFCCBE563736C895E3F4DDAA
:104B2000F63B106FE116C6E94524FD2AFDDD03B80A
:104B3000CF10161CF6CAC80AF0FFE4C3B7F8E7E5C1
:104B40000D11E1F50BF0E9D10E010AE735F2FFECAA
:104B50001EAE0BF9F80C16CD30192FDDEAFDED0471
:104B600009D4ED2F12DB0A07E3FAE417073CF90D2D
:104B700007FA0E021723E4D7D70100FB000A01EF62
:104B8000E3333F0A26D73DAEA3EDFDB3F707052774
:104B90000EEC1911CFE705EBF30506EB30CDF7244A
:104BA000123CBA1A15D448A911C241D10428DA1C02
:104BB000D4C912B40435CC1A3E1B02E9D106082729
:104BC000D8D429D5EAC715FCBB0BF081F6F4F20C5A
:104BD0000837F5F20A10F51716E8FE05F4FFFEFD9A
:104BE00037EC0AC2D10849E6F9151BE9F8EE1201C3
:104BF000FF0BF4EC01081DEF02FF0CEFF0FF030EBA
:104C0000C697E1380C33D1F52BC53721E6DA08E732
:104C1000C6EFB4F4E8212752F2CD0422341F01F884
:104C2000CC341B07F8F5DD05FD1FFBDF07FF0BB8D4
:104C300001F8F71AF803FEF00EEFEA1AFFEE1EF382
:104C4000101E29E202EFF7D5E37FC3F12009030329
:104C50004C2F133FB72CCE2BF611A72E1D380F0962
:104C600042FDF9FEE52A6D09CA749EFD140D0D483A
:104C700011EDE6FD05EF0AF1FBF607F2ED14057FF5
:104C8000101B770704D350ED0307B4FAF5FFFB1DA3
:104C9000FFD6FEF210D443BEB3C467F8EF0CF2F1B6
:104CA00042F2BD30202C061AF03AE23B37FAFC0EF5
:104CB000DA1E1990210BED478B032EA1EF9C397F53
:104CC000F97FFDFD051A4FD5E87ADC12E8FB06F105
:104CD000005620EA1F13CFEBCD31CF17F201FB5462
:104CE000270EE71705F502F8E62128D6F5393A6AC6
:104CF000EEF94E01FEE412D4FFEB66EC0512FE174E
:104D00003D0706EDF3F8812E34CDEB18F12564FB59
:104D10001023C3072CF09B3A00BD1B350012ED1188
:104D2000250A07F711160E0EEBF5F0031108FDFF2B
:104D3000FB15F919E908F00EE9EFE31904F8FD0B8A
:104D4000EA18F511FFFE0AED0421022717D5ECF849
:104D50003F05220D9C2F0B163FF48102F63AE2C666
:104D60007FDDBBDB12FFEB96A38B243CFB13502CA7
:104D7000E1DB0BF0EF10D1E8E6F4DEF508F5F51114
:104D80001D0C04EE063967FDEF08DF68F53DF5FB05
:104D9000F69A030B040C7D0EE9E32DA63B2BFE1FB8
:104DA0002E4CE8F132DED42F443A0CE24B813FFC2A
:104DB0005AD431A7350B0DDBD42A4E0CD13D121E2F
:104DC0002BECF3F4E7181A22F1FED5FA1AFCD206FE
:104DD00010E702FBEDDCFD1020570D29FCBCBF09DC
:104DE000C915065A41DCD526E0F838C43DFA291E1B
:104DF000C705F20050D5473B3039E5F8DCA653F43F
:104E0000641CE00E18E711B7C6E09A32FA10FFED05
:104E1000F7A301F28F07970AA7EE35E104E8F8300F
:104E2000FB1ABDF3D604F614ED8EFC001AFEE2095F
:104E3000050D0002FA18FDF7F0F9FE019D0A06EAD9
:104E4000341B2306F10C103FE00C04110BF21A2660
:104E5000F8DCF82B222375E6CA08BF19D5F8EDC98E
:104E6000FECD19F457E5C8C70901ACB40724E4AD79
:104E7000D4EE82D5FFFEEA15D53600CE05021148E4
:104E8000AF001602EE09E52943D88C13FCF9308DEA
:104E9000E1D60D06EE13F3AFEBFFE77705EF290C34
:104EA00074D2DC1F34D52D02F6191626E427382BD0
:104EB000290944F021AD0C04E63E221AEBE515F772
:104EC000FAF5D308FBF921CE09F600FEFE07F6F14C
:104ED00015CCDD0109F8F32DFC27E77FFE0EBD5050
:104EE000E42D0105FCE8FBEDDBCE03E8EC2BC5CCA3
:104EF00009263DF91704DFC21A21016410F27F4729
:104F0000675DEDB8144423E105F6F4330221FDB8E2
:104F1000062029C481D8FB6B1407D952360DFB310A
:104F200020290B25F50DF6E1FDF10BCD7FDCFEF719
:104F3000FC05FF1BF6FFF3EE0D2110E8EB7F00F5FB
:104F4000E1E6F3F6FAEED5561AF803FD0908F72163
:104F5000675B2712FCED5054ED2F06E3D9CBE98AAD
:104F6000CC48BA22F7CA35F4C6FFC8C5B5CD02D9B8
:104F7000EB54E76FE9F83A027FEB04060E010DE00F
:104F8000F94D81E127040BC1EEE2EEE2E8FB0437C4
:104F9000DDECA6D834DB7F0CFFCD04A1141B10F789
:104FA000D2CEE21C25B1E1D4032214E6132FFB2C50
:104FB000C7D702FB361A3A4D2EAC012355171A13E8
:104FC000E6D703E9D820EEF001EAF4EB100405FB84
:104FD00025F8F3241F0DD202BBDE094EFDF5F9F3CF
:104FE000EC24EB2E3D1D15B7E77F17DE5B50E3F396
:104FF000EAF6422D0C1AD8FF1EDCFA2C4CFA081ED9
:1050000043F4EF21321454CC0907FD153C25A94582
:1050100013D422FA27181D29152524B8FD54B3B638
:1050200020E206FDF9F9FB0504F504DDF5F901F7C9
:105030001B1067EBB1E8E91C10CD36C6DC07C6F4DF
:10504000311734F60A316267382E420FC8382F2BD9
:10505000F92108B481F9FDC5EE1F28F4B1D359CD6B
:1050600040DEF1231F112B02D1EDE5F7C0E315F669
:1050700009FC54CD02230DDD10F10F14C5CF16D954
:10508000D1D810BB13C3226BBDF815EF0C4DFB0735
:1050900081FAB223E1F55E28075021D5F9B31CF659
:1050A000AEE1643AEF172A1554F10010D4DCE88120
:1050B000F797ADFB7F67E51D39D800191708D22790
:1050C000F7C40E0D0A31EF071EEAC7F405FC00FF16
:1050D0000E35F50703FB2701FC21FC06FA0719052D
:1050E000228AA654B31D3FA30B1540DD2CFF0338C5
:1050F0001FE4EA3BFFE73E1BE43F201911E23016B4
:10510000CCE5D6F90C16BC5F8114D9602BC9ECD460
:10511000F02404192DE4FDFDE2091925E9FF00F74B
:10512000FF09FE19FFFA01050510F803FAF20C0C4D
:10513000AA42061ED51E65DAE5F7E52303C901215B
:1051400031D1CA8AB31C0711C4041F147DF49437EB
:105150001205FBFCCE11F1F3D9C6E4E601F1D80A41
:105160000281E4D20CFECFE5EDF6F7E1CE0A34235E
:1051700039C5E6ED2FBCF328EBC60655CF075BCB50
:10518000EAF97FA6F20A2B4F6F1959FDF5EB52C1D0
:10519000E98DCDE92FF3CFC1E4AF44F8B72EF50286
:1051A000EA05D6EE0AB001C3E8E64E669EEA10F9BB
:1051B00015F0090A17D409F0065F0B1A1A3042BF1E
:1051C00007F4F903F7DDDDF8E5F5F3E1FA06EAD4D3
:1051D00016FE202E38FA0FFDE5D723F92CDC2FED33
:1051E0003A01D67AFE1DA182172E1BE07EF51134FE
:1051F0001FC0DDD63DE1DDFEF8F707369F7F25F9BC
:10520000F8B3384C160150181309E00E3EFA1C2072
:10521000E7FC1DC413F22503060A02087F0F01FCF8
:10522000DFE4000504F7080004FBECFE04FD0501C3
:10523000E448F3FA1901F002FDFCEADA8103000206
:1052400046F0264038F019E2E9D65E2C142F794258
:105250001D00D1D9ED41BEF52011DE1AB913F0FEC3
:10526000F5E8F2221AC20034F2E002F22316EBE56E
:10527000CD05FA81050711EEDE25C743FBF424D1E5
:10528000124B9F2F0D4D1E98255D46202586FCE272
:1052900003C912FA2BFB10DFFBEC2B08690FF4EEAD
:1052A0006633CEDFF1F339DDE4F9C9062753FDE0BB
:1052B000D7DCE8E9EA1223DD1D1EC53041D70AF428
:1052C0001B22E5EBF3DD20F5F303F4FCD4F2F47FCD
:1052D0003DEFEBE536DB05D7A6260B4F0EF6E7E1F3
:1052E0001705110128A6EE7F0C50302F4092D024D4
:1052F0002C0BF34E2FEB2000CEF5E5503AEBF8C81F
:105300003D323EF409EA29E6050236151829382B04
:10531000F7FC0FF620CF1419FD0AFECE1B03F51F74
:105320000104021E0700FE0200FF09F1051081F8CA
:10533000EA769B18FA12F5141DD7DDFF2CE8E6EE8D
:1053400031120E36D0F9190B5A816E0F02DBDAA139
:10535000E4342619D901C00FF7E1E567EBF92BE436
:10536000C8F9F3FAE62D21EE21001301DB770D14C5
:105370000702BF0AD70AD6FEF124EEDEC8FEE2130A
:105380000EC91C2AF028031E6AD75D1E0BDB9B0684
:10539000E5E254F1161227E7D62016C4E0D515B081
:1053A000F9FB0D172222E00CFDFBC70F03BADAA5AB
:1053B000DED4383DD43C3608F91809ADE63E4C1130
:1053C0003FEAF5052A09DEEDF1F8F8FA3013F8EFB7
:1053D000E0FA7FE50F264187D4D44321FAC80F179E
:1053E0003DE8ECEDE7D70F0639C1E8D8EEFD2178AE
:1053F000BF70DCF41E5B41F0E311D826F6F9F8ED3E
:10540000200B11DA391DE14CEE2335431336ED5AEA
:10541000130F07221A240B1866F9451DF6D346E32D
:105420005728D7FB7539CEA3D82AF730FD44150489
:1054300018FE0708F902FCF8F7D9051903F601DE92
:10544000CBFBD071031916C6C32B5B08C425DC1D2A
:1054500007024EC4D7D5980F770FFDA107D6EBE50D
:1054600074231C42EDCF48E2EB4F13E230A518F550
:10547000F7FCF8E2116CCDEE3E02F22C157FC5F37D
:1054800022EB0581E13C2304020503E4B803D40CBC
:10549000AE2E2B4216FC5C81BB20EF0C0033FB1AB6
:1054A000C5D2ED84E5DFBCE71526D41FE509FC195C
:1054B0003428014815FEF0DD04F7FC8A071CFD8145
:1054C00090E5F5A4A6DAEEC7FF26CB02BFBA432AC1
:1054D000D1FCDDFFE9E8F8FED1DEFB3FF4BA26F9A6
:1054E000C6E50C257FF70848002667280DF9501FF0
:1054F00023B92DCB07182110D539FE1AFAE10E0F6A
:105500000C2B2024FE3B065BE4300D272DEDDFC67F
:10551000F5C14226D8F00C6DE707B234E5D8FC2F70
:105520002059DAE10121B01ABF1718194492042456
:105530000B05040300060707140801E2010901092D
:10554000A895E4E8A2062981982006B0BFFB57CEB3
:10555000BA19D932F8D326E7F6FFE2BD10F0BC2D18
:10556000E8E6157DCE0EDBE10B602E00D848F2FA9E
:1055700000041EE709F91EFB08F0F2150227040BD0
:10558000B1CF1FF938110F021BDEE51F0919F6FC18
:105590001B1CF426390CB428CAB9200E37DEE7E507
:1055A000E481F4F70EE1C416ACFBCFE1FFB9EAEBFE
:1055B0002201E7192421A6E1E5FC2B57D8B7EA0719
:1055C00025029A07FA0A54FF1E5CB88E01E6E70727
:1055D0000F03EAEC0DBDD404FD0E1802F5E9021527
:1055E0001DBBC4D952E2E61339D8EE54A3D64C34CD
:1055F00029001F063A1912DBD82A101BB0ECFD81D6
:105600003132162943EE1B0D27C2ED2B301FAB198B
:105610000C00E845B181F312222ACB3964A204DCE4
:10562000E1493409E281240C14ED08B21F0451272A
:10563000EC241200FDFF01040D2A2A09FE01FF06D9
:10564000AC86F3D0ABC1C10ADDB61CDD12CA0E12A6
:10565000747FD701E91809EEF4ECCEE8B7E231F037
:10566000DDF216284E5C19EAD67F0D77F0E3AD2601
:1056700016D0E9FDE6271EE20CD9F2F10701095127
:10568000F2F923E6D9F4C9EF1A0EC11CF3FA30433C
:105690002F0C11000ABF19D7185B0B1725BDFEFB95
:1056A000EAD3A6FC1BE4AC00FFD51B2CECC2DF0C3C
:1056B000044E1DCE2D4662C9300BF1AF3B07F3C53A
:1056C0001AFB075FB20FCB1B47FB7ADEFC0C0DDD2C
:1056D000C12DE8D506C4F7EFED132820F30C04EC38
:1056E0005731D02113485105EA31DBFD32471A9B6F
:1056F000FA1610D5EBF40DF81208D8FD381F18F281
:105700004310EF7FC566E82EE62F011EF3EF2E272C
:1057100024374501E207342306ADFC1B0F36EE1D8E
:105720001AC40EC405D6FB0D570FCA26334D21A54A
:1057300001F002810FED14110007EE0507FEBEFD1A
:1057400004890B0CDCD3993CF2F7A1DAEB23D29C51
:10575000F04486DFD443871CDDFC040C1C0023B01E
:10576000001CFC01318DB4130C420AF4C8173A2214
:1057700011FD05E544F4F5EB191431ED3B01F8D2C8
:10578000BBF011D2FBE3EF00F9FA0EF82FE43DD69F
:10579000E1BF49062E3757B230FA261EDED3F8F4A1
:1057A000EBCA9F0FCFDCDB0ADAEFD1CAE6DC42C4DA
:1057B0000398EE11192318E806F44736E503F1259E
:1057C000C7003CF4AD24C02B38EDFD254A7F0EF612
:1057D000FDE4F7810D1BF502F0F3C3FFF30810EAB7
:1057E000DD95F00AC0141DEA1CF3B539CF56E4EA82
:1057F00011FD0BFD083F0A0CF411022493F5290753
:10580000E21B330045F456B7E9072FDFD1F6F15715
:1058100016DE020347D301FEF8F7DF27FB31DFA9CD
:10582000DDF1EDE8DFFB0FF2138446190BD0041015
:1058300010FD2EDC33B7D79D5226E91CD541FE4121
:10584000E24C27D39C1CEFDB0720F45DE9030CE15D
:105850002E01C52B00D8E2EBF403C5EDFDF221DAF1
:10586000D0D2E4A3B6D0C23903D219F4D1D31BE10C
:10587000122108E4120ADD0F2AF30B09F7F10B4994
:105880004760E02237F5F9E5CBB90106F5FE175B75
:10589000F1F9E1D47FF6BCFDFB0CCD327073AC2086
:1058A000E506ABB9D6FFCD21130AE30EDEFE4DDED1
:1058B000350C520DF0F5DA2411E700A810E01AE0DB
:1058C0000A0C0C1A5A000D2C1D171CFF030EE608BB
:1058D00020F8DB1D0DEADEE3D581CE320513080A80
:1058E000C91A240BECA6F6E507723416E5E8FB04AA
:1058F000C997B40FF5CCE3DB10D766EC0F2FEAE7BE
:1059000081192936D013EEF107E5F2FC0309DA0E0E
:10591000DD001B2DE205FCB2E51BA5E6E5E1F5D5B2
:10592000F1CBA5E5FAE3C7E633BC1BDF0DF64C0768
:105930007F613EDEF822FFFEFAE56AE01EC135F522
:1059400018D1E73DFD2AF90CF30B00814AF34BF423
:10595000F60F672AFCF474400C7FD5CC15DE0BDF04
:10596000F7B2DAB0E3F1EE082E32A711D338DB2913
:105970007FF7FEF70F4C13F912F0F3EE280A071A1F
:10598000F7F209BAE9E0DD81171908F9EF220BE90E
:10599000FC15F19C2FCE2B2E2BBE7849B72032D38D
:1059A000D3DAFCF87FE1F51CD9A6E6F875BA23D85E
:1059B000C4B538035217EC38B346E0CD591C062263
:1059C00009F1201105EB2D09180B0357471DDA4B80
:1059D00011DCEFDAE024E33820D90CD4F622CFF240
:1059E000DBEE0DEACBFA0ABAEFC3B6BE072FEF051E
:1059F000CC1E1F56F509F7CDEDEECCD84230D309B9
:105A00002600FD23372D04272810150F69023303C4
:105A1000FFFA40D7040607562281D608EB17FD0689
:105A20000418E83DFE1619C9E531EA1210C0F0DA93
:105A300022F9453EF0F1E53EF0D00F8DF90701C7A0
:105A40004BF32905FF18AF020EF917DE815A142611
:105A5000EED6CF07DBFFFDE5D80F3808B0E33815E9
:105A6000C8043BEDD9360E007FE0F4C0D5F5221016
:105A70003F2412FEDFE5F725FAFE1B09D30146EEAF
:105A8000DCFDCBE1F91A140BF33806FCBD9ABB9D83
:105A9000CC292DFA032C011EB201F1191ADAE2ED1C
:105AA000EBFBF8AE1DDBE9FBF021EAFFCBE0F4F401
:105AB000980527440BF5142408065204DEF008C6A6
:105AC000161718D6095B070D090F17F1DE0DF20442
:105AD000F11BB3D13E0ADFDEC935F65EEED1E11A25
:105AE00007CBE6E4C720B60C04F726F589B57FDDC1
:105AF00026C7022FE2F3E5C4E12E2BE8C60C5D1A9F
:105B000011212411F9E5FE210F18EF021AEB02DE34
:105B100040F4F9F9D9FF12FA054A012623DBF3E034
:105B20009C34BB112CFC22CCD581040622AFD9E3D6
:105B3000EEE72103E40FD0DABE06CB3308B192C5FD
:105B4000F141C23AD83ED9E3D5D8C9550109FBF491
:105B500009D2010FC1EBE6D8F4410DEEEBF5CD14FF
:105B600059FCAD34FACFDF652A34DAF51210EDD5E1
:105B7000E930F42FE218CCF6010114F7140A302BA7
:105B8000E7FF0A0C9FDDB3F4E9EB0E78BEEDE449C4
:105B900026EF0A381ED09612F54033A9F9B1D9E69E
:105BA000C70C39BB0D1CEAFB5E25F4EE3030EFABC1
:105BB000DF36F102D0FFEF4ADFFEDE05D8C6167FE2
:105BC000007F0ECDDD0FAEF603EB39202B27DE076D
:105BD000AE3A1609FAFDB7EF2030EA0C2319C77761
:105BE000C4DCE508230DF1DBDE1DA0C513440DE484
:105BF000CB34F9FE4BDF1ACFE7DBCF127FF202FA8C
:105C0000D3F10B36BB10F4EA47D3E9D3F1BFF5F774
:105C1000FE482918C0E30CF549211EFE1CD80901D5
:105C2000F4FAFB06003BEC11FDD80C05BEE4F305CD
:105C300017EB1BF800262F06FFBB0C042224F328C9
:105C40001F210BF20DFE15E6E49FFF09F72B45D649
:105C50003AF8F204F55BA411152E100C0662EC283C
:105C6000FF022CFD053425DF8CF80CEFF9D6D3FFAD
:105C7000A7561360D4E5170B9F4A040C176A082136
:105C800065E01A0D1414BE0AF63C02F94608140821
:105C9000FB07ED0911F9FF0002FDFF1D0A0F0309C3
:105CA0002414FEE8EB81DBED10C2FD03082DEB03AD
:105CB0001D18F52E143611E61BF2010E3530EB1BC4
:105CC00043084721225752043BE421137F00B3F9D4
:105CD0006003352829EEEEF613DC2D5814E0E34579
:105CE000FC0DED0B160CD20355F4A5DDFAE31C02F6
:105CF000551BDE02E60E09F442E20240FCC42940D4
:105D000009491CE87FF22FE2EF10D9F0D40E13CE30
:105D10001614211EFE0AD07F01E6DB443304194E1F
:105D200008E5E3720E03E3C51F29B7E73812C00D7B
:105D30002FD5B966FD13DF29EFF4DBF7EAE32DBEBB
:105D4000DAD207E6E21D040C0DFFC0F1D842EB0EDB
:105D5000087FF0512B1FF04F08DFFEFF34220DF8B3
:105D60000D0DD1E82203322D22FAEE26521EEE202E
:105D70001DD678162907030849CB63F71F1E0CF6BA
:105D8000083F13F5231FC728E5FF1D491A81F02698
:105D9000F8F50707F281F4F1020A00FFFDFF0402A3
:105DA000E9C2031E17191111381BDC0DFA0DD3F4CB
:105DB000F73D182F5F04DB4C2DD42712FAF2EF14B5
:105DC0001318F5002AD5F43A1FCE4B3C1C1F18F8C7
:105DD00015E43725D0FA0B00D93FE2E50BE7380987
:105DE00006FBD1D8ED0F57C8AAFBDC0CDF0F00DF94
:105DF0000CC51307D3DBE61541F2F6C70C114119A8
:105E00009742FA8CF8F0061E1903C93323100F14B9
:105E1000254819150C70EE1712031E1592EA2D3A3B
:105E2000DCE61AE08114E8E127DFDF16D437EFFF64
:105E3000F41CD5F881F65C46EE17E64C28E6BEF178
:105E4000FC170C2C2E28F22317D60419C1CE7F0E76
:105E50001D170FCBF5B020191F0E21F6012CFB20CA
:105E6000060B4B10E93DF002E93F034A2F81EA1887
:105E700026C60E0FD9D7398D057CFD4822F2F4F7DE
:105E8000250A0C3B2A022F111808CACD3DDF344ADF
:105E9000F91207E811F7070BFC090EFDFA04FF06DB
:105EA00008D2C9CA1C270FF6EF1D29D8BB4EF7FF31
:105EB00011038E291517095281F5E6594069280EFC
:105EC00005D323A81C6D5CE315308E39640E13C412
:105ED000503A6A0D05E7FC382CEF26A563EAF2BDBF
:105EE000FAE8FBEDC3C8EBE526DAFFE40BC10C4191
:105EF0000EF5031AE0E7DC09D2190502E8F70127DD
:105F00003F1617DEDF03EA03F61D08EBEC0B16DC89
:105F10001D36082AFBF8E4CE272201603ACFF20FA3
:105F2000E707F0FF1AEB55F9F80315E2082E24FEF7
:105F30000F400D231656281FC306432E0000D83AE3
:105F400019F11DC2EF23340F2137E2E916C9E51B11
:105F50002C1127EF02F8FC00311F10204C6FEE13BC
:105F6000E00027FF5507FDFEF6CCE4F906FCDC0D4A
:105F70000E2C71132925318122AB211513B5021383
:105F800065DE10DBEC7138D755695006FC11FE9DBB
:105F900001050703FB020B0201FEFB0001FD1401DA
:105FA000E6DDFBFD3BF20823335200EA16050C5BED
:105FB0000CFA26E6FC072C2185133F25E8B8E840BB
:105FC000E60C120D0FE62AC61D3965F1CEE22F262A
:105FD0007FB78F22DCFA004705FEF1BCAD18A6138F
:105FE000E2D12CF7D7EADD147F15C8F8F84537A1C0
:105FF000E502C57FFBF9F4EFD8B2C235F5EAEAE174
:10600000F1CE00E622E3F2D3FBBE09E119151E1919
:10601000E8EE040416CB23EEFA06C6DEFDCE45EB11
:10602000F715F70579FEE0F3CD2202FAE013FD1132
:106030001081FC1110CC22E423040412FB06091188
:10604000170BF20CD01B1FFBE70A3EE613F028FBF0
:106050001B00F0EC26ED04F1FB00EC1EF81711F626
:10606000870521F3B330D8B538AA1C297F10BA169A
:10607000FD23F8F4D6EE19EF53F64A6CFD1AFB3403
:106080000AF310F66FE907E6E3E7B0B304042F2C38
:10609000160DF7FFDC0A14000FFF50FE0BF381FA18
:1060A000BBE9F314460305BF5912ACD500DB191048
:1060B0000829ED16FFD9E7260C241DF48724770361
:1060C000D7D0F5F11119CEF33C11ED021CE2D1004D
:1060D00020F0F6F001C6FC1C35EE0F1AFC0B23FB7A
:1060E000A108181F0CF6390F4FCF191281EB0A9F28
:1060F0003BD6F8F828FCED04C5F5B9FAFE1352D3E7
:10610000F52CC3F9F5DCDA811AF32CC7D813EEECC1
:10611000E62DF4EEED085E00F5E60CD81CF40B0B52
:106120002BB300020411CC1CF2FAEC26E5DC0B04C4
:10613000EDFCFEEF03F1170AD91009FDF2E31CF79D
:10614000100F0EFAF7FAE41C1B130130F7F3E2F01C
:10615000EC18F3054CF50D24C303E202D421200C06
:106160002D5FAA0FEA3C19CC6121E6EDE0A40D1BDE
:10617000BC5BF7F50008FCF32709EB1A3E033DF47E
:10618000270BF1F2DFFE0F24011AD307EB03D80728
:106190002EBA0AF63116F91AD90106F81DE1F844AB
:1061A000E8F8E4EC9CE9040BE7F41EA8AF0900C092
:1061B000B32AF7FCE6FC18DD08FCE6FF500403C137
:1061C00011E1EFF721F8330AE6E2E6EF3329FBD2DB
:1061D000C632D0EFEB0F0B0EF4F1F7045BFF121297
:1061E000F5320FFF21FFEADAFED526FC7C3CCC1C01
:1061F000427FE7FD0201F5D4EEE5FAEA42F70D062B
:106200000025FAF7EC240DE7F8CF13CDFAE9F008F2
:1062100008971234F503DFE32B222A05021BFFE067
:106220000FF5052FF3200A15813ED756F1ED16EE36
:10623000C3300BE8F4F7031E1D07F4EBF72F1BFA2E
:1062400008D4ED1404EEE32DF901160504B000099D
:1062500004460C2516DEE7E408FFB1190D25F10709
:1062600059255C11FED10609D8E117C5DEE9011DEB
:10627000F5138124060C1616034B2BDCEAD5961475
:10628000E781040906E4E9DDF6F3E7DEF5DFDFFB8D
:10629000F23B0C031712FF151639161EF5E8EB1624
:1062A000F43FDC16CFDCECE914B8CDFCD5F5FCEC02
:1062B000F467A92C15271706331A72110797E6D52C
:1062C000E62D11B72708D7FD045F09DEEF29187BFB
:1062D00000F21C34FD1DDAF1A871EA142C2A2616EE
:1062E0003BF202B9C8E4EDFAD601B8FE36F8D5079C
:1062F0000C30F9052FFD26F80FFD13F205F8030FFA
:10630000121AD1F7BB0EEC0FD20FE5DD0C0C1DD627
:10631000EB18007F15DA190A1115EE1529E4F21DA4
:10632000FF05F9EB283E17F2FBFDFDEDF1010B48EF
:1063300002E01F14EAFB120803D5131DE2020BE56D
:10634000091247F5F40955060AFE0781DEFEF0251D
:10635000021F0ED5C501FE07F9471148FC02E68170
:10636000DDF4172218A916DBE9244C1D0CF53BC6F9
:1063700014F75A520817F7EE18460D73EDDA13E4C6
:1063800004D40ED0FCEBC40C0AE903C5D008FF11FD
:106390000A212204AD1618FBFDFBF8E905F5FC15F2
:1063A000E6C3B0F902A43715EDE9F581CBF5D52E9A
:1063B000C81E65E2C5094306FC03077F0602E942E1
:1063C0001A1F258101170522EAFE1A0A350700CB9C
:1063D0000CF3FEF0D32AE0FC040124417FFECCFB49
:1063E0003516FAF9D746B40DCB11BD1FB6095B13AC
:1063F00019F5F9D038F3A60BED0938C531F5AB0125
:10640000EAFF10033837080E11FAEA5000F72B04A0
:106410003CEE09D239DB1DE3E9F2A317F633DDDFE9
:10642000EAE1FD192B1D4503110B2CBBF40D0F23C5
:10643000E8041EC0C91481222D0EFDF5460C097812
:10644000EB81DAFB17CA0AE50105EBF609F9110A37
:10645000F5EEE9F6FE260D0A00E92305E8F2F82735
:10646000E6EDFF0BE11CE701DD35FE18DE20DAF575
:10647000AEE2FEC30B0BAF254CED00F0E7A9E559EA
:1064800025190E083CECDB5FE5FDE633FFE201BDBC
:10649000E62F00F6EB03F312B2E6150DECD7DE1390
:1064A0000502F712E1E6F9560A10F909FFF8F7F5C7
:1064B000D91C03140236FF20031F562915E9C6FC18
:1064C0004837B6CE11B9E7D3DDCDE2DBFE2223E4B7
:1064D000DDD8F4E70A0AF0EC2E0CFBFBCE2D2DFAEA
:1064E000F75E1025DC52EB18DEE0EFE5E2D87FCF57
:1064F00006381FEA0AEDD0CEECF02701FB294CF755
:10650000141B1A0813F7DF0B09DFE2CCF019FB1696
:10651000761FFAFE35EE0504B10AB03BA8270BDD65
:10652000E3FAD90D14EF2AAE752729EEEC0910ED28
:106530005F4BED09B5FECDF11702280261E01BBBF0
:1065400006FD0BE4080E1D00FB0C01E8D7EF11FC63
:10655000070311FBED02F0171AED47EE140A2307AB
:106560000411F8FA46F53FF6F01B0E2C1BB7FAE8BB
:10657000960EA50C4CDF1DCC17C204D4AC2B90D2C8
:1065800026D8F50A2AF6E2E82CDEFA2239F7AE3DE3
:10659000681B0DF63306FCFCFCE2FDF5E3DA0B0E9E
:1065A0000C1DF31425E5F1DF06F1FA0D0501E6ED0A
:1065B000199C06F308D05E399113FF4F23FB14C5D5
:1065C000E54F0FF9B2291600D1E1DF3533E4DE459E
:1065D0001AEE1D0CF403DBFFEC1DD1FB27EE04FCCF
:1065E0001243081D1114E1EAE4EE2DE4F1C60E1C7D
:1065F0001DDC0400F510D0D02DF70A09FFFFE807D5
:10660000F715052D6D0FF625232FEECD40F6EDE0A5
:10661000FD0235F80DF8FBA024EB1302140613EC71
:10662000D1E9D9FDE1D1F3E3273031E41D810EE753
:1066300025213C3A3D3641C71A1A04E4BF13C7C8A6
:10664000D60500D5BD06FCF4E8F3FF0917F90AFFEB
:10665000F61120D1E41F2EE9EA2E7F1C121A08F150
:10666000FD260E2CFDDEE820497FC6E62BD0F8F58E
:1066700013CC00E6D8EEF1E22C0D08B60F0E93F025
:1066800036F2EE3B6B2A0308F51904F2F2F3E4FC50
:106690000C08F607FFF6EADED4EF11E2F610140B51
:1066A0000554EFE61F0500FFE92216061C0FF6E56C
:1066B000C8E053DB090D2252E07FF3F60DC24C1205
:1066C000EC1B011BACD0F5F0B91ABE12ECC2D40D14
:1066D000F4CB0938FC170AFC05EAD81AF1D304E612
:1066E000232F0E1D1FECF6103AB6D1D2D439D3C8E1
:1066F0001038E3292123411DC232051D0B4F1C0E0A
:10670000137F32411DEE1413FC1BFA055FED1DD8FB
:10671000210ACD06CF14DBF433F52CBD7FECDFD896
:10672000F2EBF4A93BE02DE628F1F4CF24F572EE6C
:10673000FCF555E815AFDA111D12361BEEF72425CE
:10674000E6FDF9FBFB090214F7DEFAF6E111FADACD
:10675000FA002125DA081608030D2D05E8F8EEE504
:1067600003FFEEA6D401E10604D40A1E000229C5E7
:10677000FBC3DC1B6081D6D9AFFA2F2A4FFE420B38
:1067800000FECED50403E2D9F519F2D86707307FB1
:10679000F9E9BFEA0B0F81F7090112D9F1082A4183
:1067A0001635181E7FE3F703FFEB04FF0A040B10F6
:1067B0001912E9B25CFE1ADA2DE1C21DE3F21EEBFA
:1067C00017B11FEB602AE4F6EFFDDE327F1218FDF1
:1067D000E8F0E60B107F0B0100F1F3240DEC19F249
:1067E000FE6312DFFBE519100D220510C0F4001640
:1067F000F4027FABE701ED08162102E4DEF7B103F6
:106800000DD90AEB391AFDF906CE13CC34DC272159
:10681000E50103C53381980D06EA20CB1332EA0166
:10682000200C0ECF0EE12DE006DCF8E90CF90BCDC3
:10683000D6E2042D032D0BEB3209E648D6FA1EEB07
:10684000CDFAC5F9D6CE05361338DF230A40FA2F24
:106850000D23027FE14614EEFAF81F18FEF30DF740
:10686000F30F1CB707F10CF12BD3D8FEECD9620C57
:106870004041AF09E74F2229FC0FEB0CE813050F4D
:10688000E1F8E0EABFF8F80F36187F12402FDD3349
:10689000F62800FEC6D90221C63C3E001317EBA81D
:1068A000ED48FA1146E8A531A409FCFCE61F2129B0
:1068B0003706FC13300B1B2AF90A20200CE681F660
:1068C00009E7E6FA0BFED573E0E7F2E723F536FFBA
:1068D00040ED2CFFF00412F0EBFB230C0B13A6EFA2
:1068E00016FCF0CF09093A11FAD3C0EE91D02281FB
:1068F00007210BD44FBC96F097DEE61FFC0112D3A4
:10690000DC2706FACA1510161104E1F6CD050EC8EB
:10691000284CE2FADEE7F30130FF0822F7C3E9D1A1
:106920002304001000017F11B6F718062BF004ECC9
:106930000B0721F3043BE4CB06048125E90D3CD28F
:10694000D0FC2ED31936292F5922F2E4FEDF6058ED
:10695000D8E208FDF9490FDF0127FE13EF160F0FEC
:10696000FCB6FEFA0D001E0D02E6FEEA89E834F7D9
:106970004FF0FE0B2CFA95FFC90BE425FC3DE2FD20
:106980001CD4DFEFF1FCD5FB3E001C2D0EE2EEFC2B
:10699000440D4A0C0CFEF10DFE197F10D53FF9088D
:1069A000A32AFD1F0023202EEA1C32F3EC7AB2F159
:1069B0003925181714E6951A0104370026D608E67B
:1069C000FA17EEE1EE0C00FB2E041507EC15FCF7B0
:1069D0007FD04DECEFEC0F3911ED0EED19FF0EF5F8
:1069E00004DBDF0D19EE35ADD1DD10D7E440B9F091
:1069F000EBC4F305E6F4ECC817CD32E005F2F0097C
:106A000020DA16E1E1E5EB8127E2F72FEFBB06F58F
:106A100007420909DD0522DA0811DB12D8DCC9E0DA
:106A20001504EF1FBD1704FB11FBE9E7075024F124
:106A3000D2260F232DD003ECF6ECF0F029F2FCFE69
:106A4000B2F515E6513F18D6CD417F651B081644B7
:106A5000FBF90409100AFD0A1D0010FB1707201C92
:106A6000E17FFD24001203D11B09EAD0D0060CC03F
:106A70001A09F134F3BA251B34EBDF8108DBF7F197
:106A80000727432FFDFD4B16FF00CFF5030AC6E78E
:106A900027E2B2B9EEE5BD1515E2EC2A02C9E41B06
:106AA00068B6C1EEEA0B021AD5CFBBCF1B0ADE02D5
:106AB000D527FC06011101302B6BCD19DFDFFEE875
:106AC000D2E17F04DEE6ECD7A40BE6E8ED1AFF0A7C
:106AD000DC0721DEFF17E7EC38DCF63E09E1EC3D90
:106AE000E7F5CCEE16FFF4D70FF9EB0B16CAD7C6B5
:106AF000310F26AF0DE701FECFE4F012DF1101FFE9
:106B0000F9BEBDD102F8E4081DEE4ED8D7FA2FCE5B
:106B1000FCAC04E0E8021CF4FE00F4F9E9E8151905
:106B200000E7FD1708353D00010D0535F7E116E7D3
:106B3000BA4CEDD723C322F211E9ED27160CEFC2B0
:106B4000004A294C3BF01F1DFD0524053338EDEBB1
:106B5000023C0AF900F70510000305F00422E8DA08
:106B6000F7D955950DE61EEBFE06B781A4F5FECFCD
:106B70002802E8E40100F019F0FED22714030A13FA
:106B8000DBD1DADD10EFD6E3E1F7D4670211011BA8
:106B9000070FF3FD1B32A60628FFFEDF03EBF91FEC
:106BA000D81D16D7D1D0040B812B11FCDD1ADF3094
:106BB000F6DD03341517FA0BFDEF0CC8E20B181ABB
:106BC000D6FDEBBFCE0DEFEBD6FADF01F8E00E07F6
:106BD000EDF2EB041107F2FA6D0AEF13D2D6E9EAEF
:106BE00015D221DC46A6FCE2F8DB0F062EEC2BDCEE
:106BF0001C02B38107C13CEB0E16FC5247E4151989
:106C0000EC07F9DB1118F107EFEFDE09DDF7F2D839
:106C1000FD020EE7F40CED12F6F11406F7F6FEE1B4
:106C200011D61A022904C4E302152F221DF1DA7FBE
:106C300006810409E01643D920049CB313170232DD
:106C4000EED4FBD90E15A9F90806F2F0F6187F4923
:106C5000F5EAF0AC3EE70CE219DCECAE5BE8063995
:106C6000CA06EF02342616EE051203F47F0CA9368D
:106C7000FF0009EF9E14DFC90410D5DDF8ED0A907E
:106C80002F04022DAEFE1BF928102DD130089F18BD
:106C900023F0DCEE22041F403C0A4D0DE6F8FCDF39
:106CA00026260AE9C811D3F2DB1F3C0C0119F9E9C9
:106CB000F8161E0F2E0E1008B7D6EA23F1D581A2C2
:106CC000BFDBF312DDC8F8F021FE0EEA120516F55F
:106CD000E6C1FEEB810C1D10F3E8FC16F80EE41281
:106CE0001AE4126CFF4A5A01F01DF12BF1EBF7ED9B
:106CF000DBC90FF90B222D03E9F2081D4005CE3444
:106D0000EC2FDE06E305F5F7E903E505081AE8F9D7
:106D1000B7E7E91CFA090CF5FEFCE1EEFF81F50688
:106D2000B70CEAF714F21041FBE422002ED62B1028
:106D300024490DED0219E819A72BFBD421B72CFC2F
:106D400010BEEB090A0AFA01A302F80ACD26F6EDF5
:106D5000260DDBED0CA62007480153F2C3016009A4
:106D600099DB1408FDF8E25B6F06071EFE0E1203A6
:106D7000F71CEC07250BEBB43E08BEDAD8050AEA8F
:106D8000A90860FA62E5FB28F6EF03EA247FF9F927
:106D900028F5091EE4E7FC226AF1D77FF503F4EF3A
:106DA00000ED150BE00AEE1D0C180329773CFF05DA
:106DB000EF3006E0F0E04ECFEBE440C913F4C6E656
:106DC000E860120501EDF40B37F0061A07F2EFFB4D
:106DD00015EA8EFB71F0D0DA2D2FD918E210EE3FB4
:106DE000E5B71709661EF04BDC0DA5E83C334908F2
:106DF000370BEC031A05E110E419D90AF9FEE75D37
:106E0000F7F70E16FEECE5F307F907DFC0DAF8D264
:106E10000CE60607F7FF04E30F01EE011AE5FB019C
:106E20003005F50E0D0AFCF1EF0A3E0907E7E11403
:106E3000D9E60F3900E3F00C00EFE7FB1352040A28
:106E400095FCD5DED40332B965DAA3B3F3E72AFDA6
:106E50003F3C5D1381B51DC73DF0C4DDF7EF0E0368
:106E60001E9BCF19082EEE270505CC023964A8F128
:106E70001228F71C02CD12F52340FFB8025C30D671
:106E800003F5DECD31091B284625F042AEB1A5142D
:106E9000FA280016BE312B05E6DEDA1639DAEA05E5
:106EA00002E9098F32DE023DCEF9FFFE0D3F13F1FC
:106EB000F3F4FA0B4FEBBEB99F5401151EBED8F781
:106EC000090B1D4537F6D922ED09F5E2FC0AF3243A
:106ED000E107F12811F8FEC4CD055AE70613201C7E
:106EE000FACDD4247FD8E41D220605E36F182721AC
:106EF00017E015DAD681AFCCEC0404FFD8D603F145
:106F0000090A81FE0D0400F5EEFBDFE30F17DD013A
:106F1000C7FED8EEDBFEF7FC0B090BE625F70BDB13
:106F20000F03F5F0D8F50EEBE0F7390C40E81EEC56
:106F3000D8CA3F5FF73C2D05FECDF51CA3F60EC465
:106F400003EBE79EF8B911E4FCE30008F6EAFDCC98
:106F5000F59EEFC4632F3F16F517F1BC3AF5200CF0
:106F60001B15B3E810029FFFFFF927F544FF06FA4F
:106F700022FA7F10AAD8D9FEF10839C6F80BEFF330
:106F800050173919E7FA16180D4613190AF0310788
:106F9000E4011BC801F9FA293204F8001245D505AD
:106FA0000DF131B6F6C1B61423E82B7F2CF805C1DC
:106FB000EF201F1D130E0AB1D92D0E0708B1021DB7
:106FC000FFB405C5F700D60D05FEEA81D2F9D0134E
:106FD0002801BFC7F7F2C702DE21F7F4E020E61A66
:106FE0000A26E9CDE801C0032214DFDAFF15C10744
:106FF000EBF014EEDE1F0EFB14072CF1CF0EF3E3C3
:10700000F6EAD914F830F0E510140102F6F8CFF6DC
:10701000E3F3D737F44A15813F0501ECF3451B0C28
:1070200003FF0DDD2E1A0CF9F4EFCF01000D0DE872
:107030001DB30D09E522409F15C0ECDFDDFBCEB985
:10704000F5EDF1F7CA277F04FB0EDFBFE303DA1289
:107050007BC1C523E017DCF9DA2AE51640AE3622FB
:10706000B8FFDFAEE5FBE3F61AE6EE080531B24BFA
:10707000060D3A45DC037F3CFD1E20310B0B0CEB6B
:10708000CC017FD321E60AF5F00734E90E47D4A2FC
:107090000D07D2FC812C3F2213EFD4DA0515DBCD8E
:1070A0002D0969C712F7D9FFDC15CDF9D40432F3E5
:1070B0000404F1EFF4F844DAC6D1F8F1D5E8EFF2C0
:1070C00031D371BAD1C4ABE3E1FEC6FED6E7FA0D07
:1070D000172A16FB03F3F2E225E93707810E3DE597
:1070E000313D1D05DE39E34AE5E41CF6D7F40B27F4
:1070F000286BF3925AE7CB1029BD33E2CFCCECFCDE
:10710000220E2D03210B04E71208F5E60EF4E2002F
:10711000EE0CF8E31C3BC0022AF310F7FB1523F535
:10712000F6E53B2681EE0215CE03F21AD500F6FDF8
:107130003BE927C70B1C20ED0DEC00FD5DE02EFBAD
:10714000F921CDE708211AFD200B03FD081DEDEC08
:10715000D8270C9BCB2DD1C01BB8D42966F145BBD9
:10716000F22823CF3BEEF1B47F0BEFE421DF2106C1
:10717000483A1DD5431515AB4D22343C01E676FB4C
:10718000E208173D19F1030E00B00C09EB12FD24C3
:10719000E7F028C5FAFBD4C5CFDDEBE3E340D8AC7C
:1071A0000C0A01100EF322DA14DFFF05F4152A0190
:1071B00010E5DDA81F0FD213B90AE1E3E0F3F20BEB
:1071C0000EFC3F3ADE450119E8E4E733CBBF1DE092
:1071D0001B13FB1EF5C1E913F7DE0EEE0AD3E7FB26
:1071E000ED20FE130A5A0C4737DF0014EB2712205C
:1071F000F0C7C70F379EEAC43DB8168C2BD90828B4
:10720000F426C31CF87F00F4F6E3C9E4E9F2E7DFF3
:10721000DA30FE3CF141F831E9E60700970D31180C
:10722000230AFC0EFB16EBDD2E0A1AF91D13223879
:10723000D309814310C3E332E57721F65EBF0EC365
:10724000CE000D15E204F000EF24F306DE3C11D071
:10725000A8BD812442C1FD5C1DCEC7DFE5C1EFC6DC
:10726000033ADBF7171D05061DDEDA051709F4EFF3
:10727000001B122A1D31123FECFC0810D915F8072B
:10728000FBCECC11C82248CD04DB3DFF25E51C25F3
:107290002DCAFF15C814CDF5242F2FE3211CA9E911
:1072A00026F34601B6F6F2D0A529EE4415FB1D25BE
:1072B000C7DAF01DFA81B60841D603EC28FCF5F7D1
:1072C00008FA23D817F122DD1088324713301EFC4C
:1072D000F310050DF8FF07FED201FE1BFB06E702C7
:1072E000210231E43011AC133DFA14E9F7ED17082F
:1072F000B768F74DC42BB6ECB3FA33D51B00BDE32A
:10730000EC17E11709FCD5DDD81EDEE429EC2D01D0
:10731000E51513D2DFF304F1C424131F1EE93B0566
:1073200022FCF02720DD1820E7EDF90EDF19F82AFE
:10733000B3E5E0C80D0ADCF4270E1FE633F6DDF9ED
:1073400009134701FD251AFDF1F903EE0EFFFC1BA1
:10735000BAC7F3113EED2555BF22C70AFC11EF0F46
:10736000D1FAF93B0EF5F1D80A0CD6F70202E1E5A5
:10737000F50466EF1C4138264CE7299303132109D5
:1073800034E6CDE1090D3EBFFD0C36FCEADECB1440
:10739000BF0D05CCF7E935F0F30C0DDE1FEFCC0582
:1073A000F518EA10EEF0F27F169D37E514DB1F2585
:1073B000DE02EC063914F2ECEEF0DEB3C80AFBD8BC
:1073C000392C831E0B2BFE7F04DF30390BE3070AB9
:1073D000EC16E8F7FCF00DF4F4F1230EFDE30444A1
:1073E00011EA271A7F170E10F028BBE849F706307C
:1073F000BD04F4F65B03F0182FC2720D6918E18129
:1074000015C4BFFB144C4ED5D0F8CFDE0EEBF1CF38
:1074100014F10714DC2BEC0A7F03201EF2E7190697
:10742000B715BEED082C20E7E63D10D51AEB2D3F31
:1074300022DF1604270FE6E77F3FAB6E19E30C143B
:10744000E80A4520C4044EFDE3387EFD1F3B347638
:1074500019FFB5B705CD49C4F4BDDE96D4BD20CE25
:107460002DC63EC01F171347DFED22C31FEE30FBB2
:10747000C6E21106DDE415FAFDE50ED07F16BADF8F
:10748000027FDCE2F7D4DE2C11084634FEEA03105A
:107490001513057F0DE7F709022124FACEF014F346
:1074A000E6FFEC05FF15F7EF0200F903FEFBF7FC22
:1074B00050EECE0B1409CEE7DEE7BCD7F70F09CEAE
:1074C000D415DFD4F7DEE6E5030FEDFCF4ACDC0306
:1074D0002504DD1008EDE1D54F021754351203BC29
:1074E000E0D3AFEC5EC42147F420CF122336C6E7C9
:1074F000D6FD1035A919D2CBE6E10BB3B435CF2DAB
:10750000FB275B6DD2EEC407122DF10822061BA8E3
:10751000F9160610F62D023007040FF8F13707C6EA
:10752000DF236626B41883A40127FC4D26E7F1CF9C
:10753000D3FA6014E656DA3D3814D71932F100C890
:10754000337FDAFCE736E9121DD71E3AF2E002403B
:1075500011DF05B11D2027F01443D50B07C60E24FB
:10756000C3693CD8053F0A18DE144213E9FADD1C52
:10757000BB1BEEDC322607F5CD242C2ADDE2FEEC27
:10758000FD4BCEEA13DFCA4D4764EBF1BE3347151E
:1075900004F6D4E302060AE7C71005F60FF5D02873
:1075A0000604FE072204FF0202FEF8F802FC07F6BA
:1075B000E0E8F7031D1200EEE7FCD1EED604F8E395
:1075C000ABF5F4EF23EAEEFBD8F9CEEB1304FEF9AA
:1075D0001027FC2BE1FD8B084B00F2F4D0EEF63EB9
:1075E000DFC702CA02E5BBA8EE3903B52241CDE3ED
:1075F00086F1CF9007E3F4C5E2EE31FA49FBD89F5C
:1076000010AFFEC133ECA2F8EF0C0501196AF1814D
:107610000A1417353D1AD50117E844D2DD5221D698
:107620005B81A5CD83C9EC2C0422C924FFA7DFBA56
:10763000C3D9E4D5BCE7359DD112E7CE04AEDA9DBF
:10764000D6EEED41EF5B09EA212253956F375F34A7
:10765000DA16C2FCC7EEF410B2FA9223D5D7C7FDF2
:10766000FF03EBF649402147D4FC0F251831567F24
:10767000162352F4901314D1E30F1552EAF0D4FDFF
:10768000034322FE072FBD0CD830DB4CDAE223F88F
:107690000719F7FC0403F6D70501F0DED6F0FEF477
:1076A000FD03F8FB01F9FD02FDFBF30001FF08FB00
:1076B000B95A09323632D900E6F9FBDA04EF0BD5B4
:1076C000EAEE2018E37FDE0F1ED30B0A18F906DB63
:1076D000DE495021F4DAF215F00118FB120145449D
:1076E0001DD28724EFD8300E8155D32CF0E1F20261
:1076F000E0ADF90E214C000E07088125FEF0C6B55D
:10770000393D39F81049E4F70432B9E5DCEBF412FD
:10771000FCFA2235ECF6F3EE0C03CD0DF60B070D5B
:1077200006F80509DBC7E62B34F009B1A8E7A2EBA0
:107730004D10B61F4E1FD225CBEE2512E2EEEC2FD8
:10774000500904D8EEC9F445C2601FFD4CBC48EB9B
:10775000FE12EE0CFC08318126C0E6F3DCEF304D62
:1077600033C82B0D4FD1601DE05F481FE9A90F04FE
:1077700000230A01ED022660F90EDC12E312CBE1D0
:10778000FC20FED9F3111EE35447217FF9C607FD03
:107790002AF412E92BD82304FD0334FFFD14D53558
:1077A000017F0107FFFEFDEFFF03FDF0FCFF03FB80
:1077B0000C02DF401D5AC81ACBFAFB52FF197FEFAB
:1077C00006F7F6E1D714EDD61BC2E5F7E91AEAE4AD
:1077D00007F8C9D2BC0C1001EAF3DA2738813CFE65
:1077E00025E340D10FD817D8DD192BDCCDD2F9C84D
:1077F0009F4300F9D1CED4F40327E7E5C00CE6B9E6
:10780000EAED223B2F09F01E14E82F0311DC183893
:1078100005F4F12B031DF2F8FCEEF8FD0208FBFC69
:107820001CF8541F0ADE333A01ECF97FC40EF7E569
:107830000649E00521FFC1811028F3F61922F72639
:1078400021180ED0C3E90FD2351F04AB03EEDDBE05
:10785000E106D30FE8CAB026C6FFD55B13D8EB26E6
:107860002225FBF93D3E2A301B28FAF61D12FA0CA0
:10787000F231351864B11B01C53A09AC695D970650
:1078800021FC2BCCFCE811FD10E6F6E306D122DF4B
:10789000FBECAE0132E518C8F91AEB3C0133502776
:1078A000FB40C7080D1A007FD113DE232D07D11E20
:1078B000D2C05E090D0DEFE116DAACFAE10416E76D
:1078C0000A08F70D07F5D5F6D7B4F10904F6F10863
:1078D000E02529FCF9FBC13E0D9CF61CDE4A263151
:1078E000CADD06141B07B4E439022C98F6E7D9F078
:1078F000F0E51806E5F272E32CDC19FE1FB842FE33
:107900002314DF0A30BC11162D0C02F1E600323FC1
:1079100014ED070B7FE702F505FE0AEFFBF110F708
:107920003F01000C1E40D3151AFBF00FE9FB45FD8B
:10793000E217DE1FF510120E01420B1CEE141EFCA6
:10794000060224EAFDDC0ED0E2BC1E012FE1D22C9F
:10795000D4CFCBE62B06DE3C5BF7DBF81116BA057D
:10796000F91F0C49E02611372435027F011F41E938
:107970000BD7DE55EC2D3461F9443119DF402B1A59
:107980001312EAF281223224EAEA032FCB105213B7
:10799000FBDD97DE03C1DB2D037FD9EA187514EDFB
:1079A00012BC3E03EFEF15EA11A1CA0931600AE1EA
:1079B0000A9C0209EF2E47C6E310F6AF12EED6F985
:1079C0001A0610F01D1601281FE5F8F4D31604F36B
:1079D000F6ED25EBF55A7A5EE760FAD61D21AA1D71
:1079E000E5E612B0EBE90D81D8F495D94D23EC8A88
:1079F000E0EEEAE009DB33EADCFFB6E722851803B4
:107A0000D702192408FAF7D61603F3FE070B11F86C
:107A10000E02F70402FDF5FD02FFFAFC0D08F6FE6A
:107A20002A0217F9170BEBFC41061F233F0503F74A
:107A3000150EF00CE9E24506FFFA1B25DCF6F6FB15
:107A4000162CF429CD23C9ED81F3F5CCF1FEE11F0D
:107A5000190E1521EB10F0DB1BF39EE30791FBF7EA
:107A6000113CF0E3F30228162848F2FDF317300F1B
:107A70003514090A08CF3C23219CDA19F5B9305E88
:107A8000E9EE28445C2C1E11FD182B00F521F33083
:107A9000D8FE28D919FBCB12F15412FCE920FADCEC
:107AA0000423200813CA3CF4E778E5DCE88AA9201F
:107AB000C5FB49E43BD11A70E4180A2A25FD881356
:107AC000DCDBF535FA7E091B22EBFDFFEFFF0A0B2D
:107AD0001A39F114DA1BB1DE216006423301241099
:107AE000BCC4DE0404F9FD16D5FA7DBFE727C0FE4D
:107AF000FB26C31437EC98DDDAE1D9030B22D2EF71
:107B0000ED130322B5102AC581F5081A0508ED18F2
:107B1000010DF81C0B12F2F8000D01ED0708FE072D
:107B20000BE48A04DF1A037CF53D0303CEF9FFCC96
:107B30001102FBF82B18F20EF818EBC1BCF9EDFBA3
:107B40002AE8FAE32913C31C9B91F7EA3705F900E9
:107B5000FEF01B81C301B4D602DFC0C3C71C15D120
:107B6000E2C12953723EFECFEB195117060F0929C6
:107B700022F723532A2DB411153B4560B6372381D4
:107B800027131B86B90B3039F5EE051FF726E621C2
:107B9000F5FE29D5CBE74CEA3DFC000B17D8DE25D6
:107BA000231F120FEE20BFEAFAC747C9E909DB001D
:107BB00081F2F0C50D23039795F8020DD247EBD95A
:107BC000FC0EF3DED31FF3E91E0BEF2D16F17FF051
:107BD00007E01C3B2E0ECC1564FA81F141E306F65A
:107BE00009DADFF2A0B30CEDD4ED1CBC4921E0F3BF
:107BF000D421BFE5E0E47F1A30E3E301D7D5F412E6
:107C00004BDE11102CFAD6E7D581FDD42650160A8A
:107C100020D013D6FF7424D8E00C2BC9177F0AFCA0
:107C20002BF3E8E33FDF142ED7EE0A2EE93E37EEC2
:107C3000500BA83933061210FB3BE907162619F53D
:107C400052E4D612F4E2370A1FD80324BA61170BA4
:107C5000FA00EF0809F90A2CE3E5C71806EE45F12A
:107C60001A9D0B25274619810E54DBFC55E5FD387E
:107C7000B619FF9DF7F51C33430511F40AEEEAD45B
:107C8000AEFE365AC11EDEF9E7E0F21CF5ED1C0A25
:107C9000F0FE06C3EC0209A81A142909F819E30C2E
:107CA000EEA315E8F07F3E082A1FDD29FB3AEAF42F
:107CB000FFDDE81D1F011CE62BE001FEEB0DF0F3DC
:107CC00014FB152D052C313A1A33CC40F8CEE601C1
:107CD000553E48CCF00B1F13D2FA4BBCD1DC330E0F
:107CE000F681CD03CDEC103BCED0D6CCF822F9DA1C
:107CF0000D1908FC20FB0131D6E51BF9E455F124F0
:107D0000334D600B4132DA305E0D042B10CF2BD691
:107D10007A1C34DCE60324390C01F31B0117D32E43
:107D2000D9ED2438E9D43D2FF00CEAFC3218E122D9
:107D30002233BDED06CCDB2434F22F19FF2C1ECBF1
:107D400006F4E833FAD444EEDFF9294CDAFB08D123
:107D5000C7CED4D3F8361629F10FD71F9521CFD629
:107D6000EA19FD64071F2629F1451831B926F0AB41
:107D7000FE03F3ECF71B1CEC18FB262C3E19D31169
:107D8000ECF911D40147EBC20FE00C1514367FF16A
:107D90002C14B82AF23BFD21BEF20A1B1FF3FD058D
:107DA0009F0D1AEC112CF9E204F524470DBCF004E8
:107DB0001E1C09E7FCF8D5EF2B166CC4171CCFF579
:107DC000C9FB3FE5EE0A1DDB062F4C460EFAF826EE
:107DD00009F7178102EBB403ECEBCD09DB8B3CD741
:107DE000FCC70FF71B0527C7D6B4053428E3B93500
:107DF000FAA2B9181726F72333D652F8B4EF050CB8
:107E0000F6070C3A0E26EAE024292FEBCE02A11C3D
:107E1000D825D3AF2E672A18E5E5620430CD302D82
:107E2000FB1F21DA352428F6660759E5351C297F22
:107E3000ADD4DEFF32FA26EA1DBCDB810A390BF92C
:107E400006F1FA28231455F1E7ED0D8104232E26BF
:107E5000BD17C731402EBBEE0110F6147FC812F7D4
:107E6000F8E242D6FF1543E71DEE1B0CEC1752CD8E
:107E70003C811FF10ACF16A813F808E8001E2AFC5F
:107E8000FE037DB0330DE245E7C817003C0128CA68
:107E900016FCE104EF04FCE3FC28FE057FEA06087B
:107EA000BAE9F707931804C0131AE13D235B1012D7
:107EB000EB010539FD1202F603F80CED7F31FE0CE3
:107EC0001EC81BBF028139FFC02E240419F0A4E094
:107ED000EA25AF214015D2D00B07EB96F31BAFE696
:107EE000E1D80803CCF64FE7D2F2E6E709C1193929
:107EF000181C2F0C1E13FF8134EE2008E12BDCF739
:107F000079D69326861BF508FF0B22EFD8FC23D4E5
:107F1000501642E1DCCA3B09C9291EA4249EBF18A1
:107F20005AE5D8E4E3D21712C87C2A01DFD11F2812
:107F3000300FEEB8E2084A123C1910E66135F1F94B
:107F4000ABF8F3340CE2EB0506F5C3EDFBF9F8E012
:107F50000F2CFD25F609C3CEFC03244AD325321489
:107F6000B514FDE42FFAF4B2ED56A333DB520E3014
:107F700002FF1700FFCD151AEBEFF8E414115502BC
:107F8000C8141227D3E5E7391D3D9CF0E1DAF71656
:107F9000FBFBF4F7E90BE3E816F1E5DA0510F71758
:107FA000F9C9E3FA1037022613DC31ECEF0AEAF6DE
:107FB000FA05000CFA0504D71E1DFEFA0E1B141557
:107FC000FAFF196027F80F1ED82010BF290E1E31A6
:107FD000F9F7C7D024032C360C0E1406B8DCE523C1
:107FE0001A13FD12D126F710E601AAEBD5E71BD92B
:107FF0000C231200ED11000739E810CFEF47ECF128
:1080000020D01721F6E40A221DAB28B3CC2BCB2BB2
:1080100045D0E817C20510FFF5EE042BDF0C0B1D51
:10802000D9F3F2D7E700F9EA00D2E8F2E6051A2B15
:108030007FEB2CE321E10E0CDFDDE51190D71DF085
:10804000EAD116E2DE061307F7F711E1E901F805B8
:1080500074762B26E62F2506EAD7DD461F4C3A3BE1
:108060002238BB14F5E5810103A4BB0DAC02155108
:108070002803DBDDD3FB190FF2D4FBE3BEFC474042
:10808000C40B9E2AC0D1D4DAB43057A0FBFAF9F160
:108090007F3A06DFF9ECF3126BE30AF12E23EC24AE
:1080A00050052108DAE11F571424E71FEF9B1AA699
:1080B000C726FF431524D8DB27FFD2B88126255BCE
:1080C000B21CEBF0D726ACBBE5F1DEFFD1F30E0D11
:1080D00003B101D339092D4DE4694F1B4E33BFC79E
:1080E00016F4F106F1FBFAFEFE0C0CF9EF7FDA2E26
:1080F0007F942ECEC5FC1352092AF63ADF36F0C91A
:1081000031D8E381FBF4DD9AF6B301D6E615E0D170
:10811000273D0309F7090EFF7FF91220EA00DDE091
:10812000F4FE2CF5EBE8DBFBEEFBE6D13A100BCCD2
:10813000EECA1A492DD10BFBF70338FCC8F4D81747
:1081400002E0041402F319FA080AFC09FEFBFB0A18
:108150009C10477FFAF9CFCBEE89C2CE4B37F00C9B
:10816000C3D1F7F5E1E0E0EFFA09E003C3E01686DA
:10817000C0DEEBE821C0FFE6FC270914F7FC3F0F47
:10818000FB1DC9B6B204FC0FED1909DD20F8DA2D8C
:108190003D0CD5134EFE20FDD3E337EC97D5E3E934
:1081A00014F4E0340AF25931BE09130A01F881EDE2
:1081B000BCE7E4A8BC04D797A5D8F7B727BB42C64D
:1081C000028C17EEE1E3ED14E905B89362F70504BC
:1081D0000063F1330F2F0416EFE6F733EC2D872AF7
:1081E000F5020E0AF71247CDF7CBFD160314C0EFC8
:1081F000210ED34718B01526FD0C0743CDF2B44726
:10820000C513AF1D2D15B2DEAFCD973B311B03E873
:10821000FA1DF6DB53F1EEC53DE51C20FD46E1D924
:1082200018081C04FAF0FEDEDA010820EA0304ED67
:10823000F9FE89F8EE2B35E643E0D22AE02CF7F17F
:10824000F9050C10FD0909F92CED11FFF6FCF9E711
:108250002C30F5CF063215D728601C10B908E9FC80
:108260002AB346B131D0F3D3ABDD06D014EDF4C55B
:10827000EA03EB2EF9ECFDE20CFB1B3DEC22500671
:1082800021D01ED3D70513B9D0C435EBA7DD1523F4
:108290000AEBEF2BCC67470C517FEF2E11D9352518
:1082A00071FED1C6FF235C9616719AD4320AC2C8F9
:1082B000FC25F948DDCCE500F2A538CDFC5434B8F6
:1082C0001EF5E6EB1D7FF7E5CBEE0103EA02700237
:1082D000EA14320C2A54331F1A20F5F62FE3B1F8B2
:1082E000F7F0F3F6F6DAF2452001F2E906EA21E0CA
:1082F000E1061A0E245A3AA6331AF5E8FE3DE0E5E7
:10830000F5D5F0F9FB46E2DBDC1051C7D21AE45F89
:10831000050C0A2112122423F7FBFCF81813F0E1D4
:10832000D80AF208111425EDF0810538E5161EE58E
:10833000DAEA4A31FFFE08228DF2FF1F250D2AF8E6
:10834000FA1609080B3DFDFFF5BA027F05F500029C
:108350002BBD966A2C100804B23DF834111107B8F1
:10836000FEF3010BD1E8C90BD136D20D24F726FC60
:108370001C1FF8344C1C7F03D3D803FD0C2C4AF887
:1083800030322323E1B5F8CB40CFFB11810D02E160
:1083900037D3FA068649DE12333937F543CD123327
:1083A000CD1220A0D850E22DD1EDE6EA34CCBDF6B6
:1083B000E6DFC53C5A307C422BFF290F9358BA06A2
:1083C000E449B71AF6E110DF14F3FBA3B6071ABDB0
:1083D0002C201BA4D52B81E81EEAE6274AAC96F197
:1083E00020F2F6D5F5F9E0F2F71116EDDE0BF9FB08
:1083F00032163229F70CEEF6E7ED02182603FCF7E9
:10840000E434DDC8F706169422221D1EE9E049CFA8
:10841000FDF4EE2BE1E9EE0EBF0BF8F3014E3C0D3F
:10842000CD14E51EEEDFEE02E9F2FAFEB20AEE39F5
:10843000D0E0F1B2AF08E79FF805CFB71E142B1CB0
:10844000EBC9F519D1DCEBE7EAF3A3FE05ED28094A
:10845000C8FC8158E750D69C4E0D19F690BB049E7F
:108460002E6C4EC9289100EE0834DD071DB8C4F605
:10847000C0653236D923EDE22AC0ED45CC22F70A99
:10848000073AFB3D1754144357E503CBF2E7CA0AFA
:10849000C67AEEE91116B0A922FBFFFEB5F6B807C1
:1084A0001AFB14F3E5E82C1609FA2A0F55D9BEEC8D
:1084B000DB2A1DF9E9EDF6D420E48E8DFF21B0BE54
:1084C000F57F29E4D91008E602DAFEE2F8C6C30710
:1084D0001E53EAFE2C40CC09A5141E645A68D4D55C
:1084E000EDB0FCEE07E3064F14130C033411E1E189
:1084F00025AD9EEE815FDCE7BDC538A09D33E83534
:10850000C6C7BCD9BEF427548E28FE1BF752F6F618
:108510001F3DFABB1A2D04FE6320E1DB03D7A13E09
:10852000FF1D0E13E211BFF49DC9050EFCEFF2E72B
:108530004139D310C76AF5BAE7E6C8E27FFF11F800
:10854000D4ED0900CA0167C5FA27F40DA5E005EAD4
:10855000131AADF98716250ED133EFD92521261729
:108560003DF3470F7517EF1CFE00FFD9B547F1BA71
:108570006E143126224013F63FF6FB13F51BF0F381
:1085800032E42ABF10B6211A7F1C24181956CF2CAA
:10859000EF0D2605F154CFC989FABB022FF1C0B700
:1085A000EBB5FA0A2EF474BF2612F628D00CB30DE0
:1085B0000AF619DCF72C2354EED0F91FD8FDAE7D56
:1085C000F30FFBE1DC08DA011826C80127F41623B3
:1085D000D30E06241B058EF9F4C7BFCF093B968145
:1085E0001EF3ECFA3AD1F8352EF5FA23F8090C000F
:1085F000F106C5C8C7173ADDF42D280C35DD1FF785
:108600003602F7E32FF09D0AD2F8C6C707B5D61B8E
:10861000225DC77218F345263004D8C509142D8190
:108620003AF1F4E563CBD2CDF106FD20F981DBE62A
:108630000EFA701312EAF00BA1A22025DFFC1EF93E
:10864000FC180FE47FF0EEEE02AB25020008F6F610
:1086500075EC1A4EECFFDCF9B7075EADC0C6F6F15B
:108660001117A5DAF82A15362C09C7B041CEFF3507
:10867000D1611FDFFD3D43D8E3095F50D4231DFBCB
:108680000400EAE3BDEFDEC6FADF03E5BA8718EBC4
:108690006116250C14C5B37F12E74120AE46FFD109
:1086A000CAFFCE9B1009090810720D1A2D81D1F74F
:1086B000F5154DFFFEE1E4352C38F9062C01288133
:1086C0000D54D2292EE4CBCB09CA1EDA01EE0DF4EB
:1086D000E9CF3EE4142022B2FAFB1D376F1EA31F20
:1086E0002606FBF9D9DCF825FA30E8E42EE3EAF2B5
:1086F00014BB0900D7D5E8C9EEC42530EF52F1B656
:10870000007F51C3A7F8D0F5D0E6D6EDE7F7FB120E
:1087100021FF1F172EE642121BD3CC24E325C123D1
:10872000D3E4EA2520D3D401EE01123E251BB61076
:10873000B6E4CBF90100C5021A4919F1D60707DDE5
:10874000F2D560F7E340FB22D333E10E02D10AF405
:108750000A683B83CE48E10CE22803C518E3B1CA9E
:10876000AA81FC03D9D5E540E47E26DB22F6E62487
:1087700013D87F1C223644E14B19341EE54014C047
:10878000001D97F0D71EE918EBF298A5C925DB2745
:10879000E6F2C3122EFA2B0DAD0B2718EEB90CFB27
:1087A000DDD7524F08171C1F260766DB1B2107C4A5
:1087B000F9F1BCE13DEDE5CBDDEC0A6DFBDB0C0036
:1087C0001551F3F3F1C2361AC947E2C2321B21B187
:1087D0002D4406200CF8AC1209191777F9E5A727E4
:1087E000F5EB0FD37FE6120A11FF2A084BF6351A74
:1087F000D14827372A08343D221ED00B2FBFB71986
:10880000F3B5E23B2BFDFE194525E0111637E910C3
:1088100042238707CC279C54F1E70C5FF9FF3D0901
:10882000713C44D316E62F2800014D1737F8F0C1EC
:10883000FECBF00309F026360B1827023D1FF82F58
:10884000FDE8EC0618E3F1D63529FCE0FF0A0EEE50
:10885000CB01FBFEF7E10426F9E1F7DB2023D3018E
:108860001C121FC224FB054DD10DF40D17C93FF694
:10887000041709D3051808F4E6FA03F2E5E2F7F362
:10888000EC1BEACEACEDF59D19FADFD0F7DADB216F
:108890005E110E15F805ECD413B50E0A14466FF0F0
:1088A000B932FC14F1D5E9B617F4F926222EB10A33
:1088B0002172F2DD14E72F594E2FE74E1E02F0F51C
:1088C0000C27270BDCE412A27FD2EEE005093DBAAB
:1088D0007F5F76E3F2EF62B92DB9FB2117E3131145
:1088E000E4400E0EEDCBEFF3D7D9A9EBA6F1F121C1
:1088F0000CCE01AD05C3FEF50DD3DD04F2D828F38F
:10890000160B3629EB1E81D33601E5DCF0095DA597
:10891000CF0F08E30BB2CB22F7B401220F1C003DAE
:10892000EA2102F520DFE8B2F6F8E739BF30F3D1EB
:10893000DCB6E71EE608F8F6FE01FAE105E5F2EC22
:10894000EE1BDEF4F012E9ECAAE5EADF34C9E398A5
:10895000177FFC05F40CF2F3D9E50D01FDF6E003F9
:108960000CD4FF5A34F619213F20D739D12B16D712
:108970002CA2BBE218E6C651FA8B1939F1F7040DA7
:1089800034CCEEE3E216F5FDF507D0EE61BB42EC28
:10899000DEF7C7E206DEF805B4F9431FB4DAFFDB01
:1089A000E4353D01EA1FDAF8E7B809EBEBDCF4F94E
:1089B00015044C156205F0F627EFF2B41A4313FDC7
:1089C000F7E32EE60BCD301BB0D00156E431303248
:1089D000E521FCFD264D55FCFC2C1A19C241F41C66
:1089E000F05239E4E9C3D720F4FBE512220B1AFF59
:1089F0005CDA3AB90707FCD425DEF6A85BD717EE98
:108A000022FB1C13CFD752363E371BF62107600CD2
:108A1000FAB5EF30D4CEF2DCCDE3CE2910EC00F382
:108A2000FE2021C4F24C04040123DBF66AEDEFF9C9
:108A3000F8E21BF619301206FE16E6F806F12606D5
:108A40007FF6F020ADFFEB1CFC1F09E2F6BC061719
:108A500025371E20FDD52110F20F360313F8CFEA7B
:108A6000261102A9C24B0A2F3C3F2AAAF1D01707B0
:108A7000F836B21600F2A508B2E0F3E205F80D01EF
:108A80001505471BE6E2B51AF98121EBEDF9442FF4
:108A900036E81FFA9E10113BEC48FFD905CB170AA8
:108AA000F0EFE85143E09604E3221919FC21051682
:108AB0002FD016191F0357F141FA091D101B17D5A6
:108AC000FD093BC2CEDDD3D8D5CC2215EAA32B3786
:108AD000DB5AEFF5531F29F26D03461D50EFEA0CE8
:108AE0001406AAFD0DE708DCD4D7C432040881FFC0
:108AF00093F211D55D0DD1E4EAD9D20AFEF7FAFD61
:108B0000FF00B1100FCD12221C360102C7693016CA
:108B100051CC277F11C859F7134103172AC50FB845
:108B20007FD3D7060F08FA0316FDED1837C2EB0BFB
:108B3000170A05EEF33309EF1F0AF381290FEAFC48
:108B4000EAD3CBA5F81D00FB1C00010FC7D2EA0C2D
:108B5000F96DE6230EF8E900060F9762DCFDE10CE3
:108B6000D2A214DD7FD5341621EA26FA0C1A3D1064
:108B7000D5FB1CE9FAE3E67F2BD344B514EDD836D8
:108B800002D8EDC5980917ED041106E9F72037055D
:108B9000FAFE15BBEA20E901340B0181F2E29422CE
:108BA0000517D43E84E7FEF80DE98117FFF0B415F0
:108BB0000E34E8FD227F2408161654EFE4D80DF792
:108BC000D7CF50A3F216F041F62DCED3C7E7DDFD87
:108BD000EB0C1ED5E65BE36A1F101239F6FDF2C4FA
:108BE000C20BEF240F0F1C02E9FA0656D206FEF75D
:108BF000EB19E4ED21E27FDBD31BFDDACA515A24E5
:108C0000C6D4000C0B2FE1E0E3FBA7F7B334EEE092
:108C10007FD80A030A2AD413160C1D14EBE710F6AA
:108C2000060526FEF001202AFCDEFE36FE03C0E229
:108C3000EAC4EEDAA781F4C7D5AEEBBBAD9921E06B
:108C4000F8014E32F725FA0828EF025534273D0780
:108C5000D5150B2159E905F9F37FF9EB00B0BDBD3E
:108C600002D8FB000001FAEE0803FBF5F8FC18033C
:108C7000231C1723CBE30B25F2FB2820E23CEF0457
:108C80006D3E15E8FCF1173BE409F11DFA0A0CEA08
:108C90008926F87FEEB9D6CB1D4DABB05112CD0869
:108CA000FF1B0A05E71402F71F080C36050FD30156
:108CB0009B362B2F04E50FEC36F0174D6D60F32437
:108CC0008CD3B94B26CFD9CE03E0AAC1E8D54DC786
:108CD0000381171D2BD1FC53072D3815774CCAF88B
:108CE000D9C6FF06F8F136E910F1ECECD6FCEDB888
:108CF000BB30400AF83444CC12BA2B0A4CFAFA259D
:108D0000FF12D5FF83BDB61DFF5902042932FBDDDA
:108D100010DF020212E00AE0E4110E2C060A5E25C2
:108D200012BC0C26FDD93410C1F28422A3FEE76EDA
:108D3000F2101F4407FEB804FBC6FBEC2D5AD9E520
:108D4000DFEBCCBF819E580CE81EF3EF09FD0B3C16
:108D5000E2D60CECCC47C1ED0FED02E91EE81BDBBF
:108D60000819F6FD020EF10213FF81FE20030FF039
:108D7000210A070405FB26FBF8EF000BD435E1229E
:108D8000E77FF62040E0040D18142F28CCE5AE3F15
:108D90002236EAF5102E93EB33EACDD50DE325AB61
:108DA000F5C9E0EF3F02D4DB082AF77FF0D7E1E214
:108DB00008F7D7CD11FE289FE42108E5E7FDEBE891
:108DC000110C1CD9033E50D3E5E1E19E67F8B8C20F
:108DD0002D3C02072204362111DD1905D112C509E7
:108DE000121BCDB4DCF701E1F0F715F1F03A062CD7
:108DF000EED4660BE639CAFF311ECAFFFE2F0A51B8
:108E0000EC0CB5EED3CB39F3C4BD11E1EED9D6F2FB
:108E1000E326F03CE1D81D15CED702E5F54213F666
:108E2000E01DE711D61611055AEDD202F9F8B6F792
:108E300000FA0D09EFEB00CBD1FD032DE5E4F903BA
:108E4000D2F6032ADA031EFDD2FAF95C550E01BEF2
:108E5000E1F8E3F2F91FB2FCD0F60EECEEF5285B78
:108E6000E5040420FF0104F8E908050805030D13D3
:108E700041F6D47F3CEF3B2E00F51118FBDC07C414
:108E8000040D070CFDCD2B941727072610F495D45D
:108E90007EE00D0F03FFDA23EB02FBC812090DFB86
:108EA000E436120719FD00F0FA1D0EEB6A26F6C92A
:108EB000E22B1BF62E1402CAF1363EBC443F36FCB0
:108EC00022D42C9724FD04F4D4BDECF1A90C074660
:108ED000D0FE50E12F694011F95EE30336A102E4B0
:108EE000C91DFAD1E1E8BAE0000F42D4CC1A28F546
:108EF000E9F86610E40CF11531A2BCF4EF0041EB87
:108F0000ED0BF828D3E981DC14CFE530E4E7DAF0A3
:108F1000FE3A40EE2507150D4EDDFDDF0EF6D306B9
:108F20003FD051D0E2D8CEFCDD0CFE8123E5EAEC47
:108F3000CF30448DBFC1B1D9EFBF592AF660CEBC46
:108F4000D7C3EB2844283B1AF3E214063CF5FA0792
:108F50001FFF07C3F2F6D20ED82308C8CE0C1B138E
:108F6000FD01001103070D02120C0027F107100C80
:108F70000E1D0CF8E6E9492B02F0FEF0241EE8EA8B
:108F80000D1C101B0B2EE4FFF3EFE64AEBD6E2E2DA
:108F90009EEA0FDBA7B4E30B3C47EBC3E3BEECC890
:108FA000EDF9F4ED1D0A0D24D8001416FD00F4218E
:108FB0000D23F2BCF516EAE91C0C3BD2265981F5CB
:108FC00012F50123D8E6EACCFC0925F081FFFC1E4E
:108FD000DD01DF31D4B1E0F74B07DA416522C2068B
:108FE000EBFA7FF8CD0719D7D9E8EBFED913CBF30D
:108FF000F80EF4FDFC3BDDF1332AE61A8120E0E8AF
:10900000F00915E348ECE6E1FED10A0A130D165704
:10901000F0DE1E2D17F02D11EBE9FAE83D8FFC066E
:1090200067BDED8FB3F859CF155893BFDBA42A0A5B
:10903000C5E9C8F4E60A0039B8F3ED051ACEA9026D
:10904000EE232906C70B54F5983420FD3A30E2810F
:10905000FB187FEE0F00D6F0D729D925E42C0E227D
:109060000EF9350A3D9DC2C5C61981C7DDB9CED5F9
:10907000D6F4DC2609FDE9E84BBBE3F6F8D6AF11E0
:10908000100165D40CE9F9020B0EFDFC092F003B21
:1090900014F000EA1CFDE7FF4F121ACD0D9EE92BDC
:1090A0001AE5DAE11105EABD1B30F2D2F20EEE3A12
:1090B000E7ED0B26EE302504CEDC4B042CA3EEB6F8
:1090C00001041942FEE677F41EF62B320147093AF5
:1090D00012097FD61DE5DD130625DF1D2B1DF84F78
:1090E0000B1E621EE51FFE22E7357F40C7C801B890
:1090F000003044F7D93DCEF42FD3F1FDF63B11F10A
:10910000C5DAE018B734042916321B25D78114EECE
:1091100017FF3515B981103BE5F4E0E9E4DBD9121E
:10912000DBE50FADD1730E1EED42CC2510B37F4DA4
:109130001035DBE405141A32F881D5DDFEDB29C4D5
:10914000AF3D5C1F43FE31172C0628F4C67C2F214F
:10915000FFF61A040D3202F9472C430AFE2B05E7ED
:1091600044EAEEADE28E2ED0F20DD695ECB607C5F0
:10917000CB33810009EE27620CA9E9FF39C8210C25
:10918000F70ADB81EA0C06100F1DFF0D031100FE2C
:10919000E619E7F4D9280A30DEF9021038E0210C8C
:1091A000FDFAD300A3E60D3ED3F5A7E6CDC87FFFB9
:1091B000F70A2B40FBA9F1F300FC22F3EF0AD512CA
:1091C000F5FE14FF0D30DD4E2D2639F60803693A01
:1091D000F017FCF8131D1211E3E715E9FB0C5F16FD
:1091E000C7FE0514D6C7E1021227FB08F8F73407BB
:1091F0000CE9F82B810EE9CE192A29FE1A2607DC84
:10920000F9093E253211450EDD012DB8E3400CF180
:10921000EFB40BEEE9C7D8DFFDE90FF5C339F2254E
:10922000E6CAE615DCB7FCF5BAC0F5BAE2F3351BC1
:10923000F716F10A1401B6F605FCEEFEC500624908
:10924000E90D2C0C199896F29B1CF5351DE1FC4597
:10925000F10802150E01E709DFEEED2705EF04DB4B
:10926000FD59D1C1F2F31401DAC551920639F6F273
:109270000F144302F9F2A41438E4F8E82833FCA9E7
:10928000E907F7FB0C0824FC1A031BE8EE1A11038C
:1092900006050ED111FCF1EF28F43AEA0B2EFD1F62
:1092A000DC04D4F30A0A13F90EF9DB0BD33D04DA1C
:1092B000E9ECC30604BE9D16CD131C091BA6ED1ACE
:1092C000D6E5130AFCEEFCEB090727FBE427431B5A
:1092D000191625F9F2040CFD19050EFCF51FF0FF17
:1092E000E208300F150327F6D0F72B4400ECFC0DF5
:1092F000EDF4082327E610465219BDFFFAC928C528
:1093000047F5EA22F3F9F5381E21D9DF070529E6EA
:10931000DBE107092100FCDBF6EBFC0301B2EBDF2C
:109320002FB3DDD4C417F46117F2EE1B2343DE0222
:10933000FFFAFBF727F90B1BEBD809CF6D13BE1310
:10934000092B5505F5EE37DBE9F818CAEBE7CC1326
:1093500014062BF0DDF2110911EA1204FE2749135D
:109360000EC7D91123F6077117C21037289F0606BA
:10937000F20807F11AE00E52D0FFEFB8533CE7D8DD
:10938000FBFEFA060D09002B11F403000E1B100062
:1093900022E506E2011AF07F15FEF40E04490AD810
:1093A00021DEEAE81CE116312C082F15275DFBE8C9
:1093B000FB120DF9EDEBF0AFBC29DCABF1811F2303
:1093C00081FAE5FFFE31F7F71B14EA0CEA17A2E673
:1093D00015FDFEF91C1E031A2124040700130F0FAC
:1093E000EAF6E844CA1A14FB303AF1E83C0E310CB4
:1093F000E400C2C2D9EDDF0BE10FB9C8B50C0E9D78
:10940000DC173838EBCA025208512672EF72EA367E
:109410003EE7F50A144C0C14ED210C09CD11F9FFAF
:1094200013023BFA12FC16D80D0512DEEA10EB000F
:10943000F3EFEA0523FCBE03224FC6E9F3D6207BF7
:109440002C3BF7222204CFE84B0A27E71C03E3F466
:1094500007019A24080816F3F70728DE013B0A5F84
:10946000CD3357211D28B3F01359445DBF1918811E
:109470000D1C02D70EFE0B1CEF45151117A739F373
:10948000071805FBF73814C581A5000929FDE69BDF
:109490003FF6FF25E0F10FBD2C0A33EBD3654939C8
:1094A000C616B616BE31E874D613EC232C1F0D2257
:1094B0000C14EF0E12D6E2F60A00E50B0628F214A1
:1094C00026A90DE00BF2FD0818FD08DE13E3E920E4
:1094D00025D6271408E7EB05D5191AB938F1202746
:1094E000680D56C2FD0B22F1BA3403E444B3F71001
:1094F000F8F4320ADC383839F9FD25061D6C05D937
:10950000FE37EE1B0302F30ADB99F123CF2BA40DE8
:10951000FDC4F2FDF8F3FB08FB2FF201F207FAFE9F
:10952000E0F71F7FD6F5FEF815200A15F805F8F5C7
:10953000330AA1F2D9F5241B172434C002C60C212A
:109540002315F3F1D51D7FB6F2C6FAF5EAE1E1F88D
:10955000DC130AECECE1FB15050B1CF808F8FCE643
:109560000E08CD3441A529931A2171CCC174EA9E0D
:109570000918030B46F5E8D3001305F1BE1AAD0731
:109580009C282811143C071719C13415E334EFEB5C
:10959000E3E8340717CD1F8D30485B13D131AD2B75
:1095A0003EC6F8E51BD6BB358127482C4AFF2A4822
:1095B0001307D9250002E7080203F8E4F6FBF6F9E1
:1095C000EF2216E0EB5229FBE51AC30ACBC2B941E0
:1095D000022AEE13F4CE0B3DEDDBCB03E2ED2A1DA8
:1095E000812540FCDDE4075277D5CA2B1FF12159B4
:1095F000E5132FE3509C010205C8F90ADF35394312
:109600000AB604C5A01F22E5B121F1BCD154011254
:10961000E9518129100B17EB1DDBE71A06BBFCD5BE
:1096200003FC03F209F829F2FEFDF600141200090A
:10963000269B0E8100F53C1928CB258CFAF72508CE
:10964000EAF05CEFDD041AD91A02F11DCE3B1AFCD8
:10965000DDFA160BFA030E00FB0BE919FF7F0A086F
:109660003AF40C252232AE1F1F2FFA1979F0DDB51E
:10967000F11AF63CFFEFE4D6E00133EE2DE8F52ECB
:10968000DF2233CD37BAADE0C114093818D2064B0A
:109690001113523C1D4B0B32D2273347202FAA9176
:1096A0007A0822E35906E03315FA19671019013CCC
:1096B000D60D210807D20F003618000B031302FE47
:1096C00051CF7FE0DFE63AF7B3E9D9B8F2F4231CD3
:1096D00008E2E30E28A281FFD408E8D0CF0C41268F
:1096E000BEB536090DA38CC3B1D7DC32F05D303B7B
:1096F00025D5F92C0C9EAD17A630EA531AE013318C
:10970000EAFA121977F15FFEE4454E7F0F3414BF79
:10971000F909DA15C2F7E5EAD81094CE2605272E06
:1097200000F3EF15FDFFF520000EFC15E81DFAF71C
:109730003104FC411A053DE9D4F447102EE0101B1A
:10974000DCE2F607E226F4D7E9DC46F509D624EC9C
:10975000100AF2FEF320F8282569FAFFDAF4010175
:10976000D10F131B255606B5F000FAF30308EE23BC
:109770002C0215E2EC050C39F5BE17F67FE84E1504
:10978000FA2B2EFDEFFBF5C2ECFCE4E700B0D410A1
:10979000F21700294DAD169FF37DF92F81CB28E1FB
:1097A00021000418D031EB09FFE6CB32063DF60468
:1097B0000B01E6090DC1071C16EC0C0F1E8103FA04
:1097C000F5F20A100AF4EB31F24EFEF23BFE0AEF1C
:1097D000F9D8FE030F3FE0BD1CBB1806201109D8C5
:1097E0000CF1E41CC52DD3251AED37DC1FD208007F
:1097F000FC3512DA0E28FEF3F7311BD7A8812B3780
:1098000001FC7F080F04F921230A20FBF6000A401F
:1098100014F507181A0C2D31C94E75205581346581
:1098200004030C33E62955FDF6F60B530A250D1BF0
:1098300040FCE920DF3816A7EB7F3FDB00D8F8CDEE
:10984000CF013C060D144837C8BE02654628F3CD4B
:10985000E602E4F730F4E60229DADB0FF010CB136E
:10986000290A811414052301031AF3290836E56334
:10987000EAF7090AF80ECEFC13E72C0B06DBEFFF24
:1098800014EF28D414FCE8CB1481B409092FF32D6C
:10989000B9FE050913210AD63407F3E10F4CBDF0D8
:1098A000E6F7441AD8001640EBC220193281E601CF
:1098B000EA0A0306160DE7113E3E2A133E0A133F3D
:1098C00034FC3200D61E18D339F229D00D56D8A454
:1098D0000BFDA2EAF6F2FF0A17FD19E3F73AFB2B9C
:1098E0000D07F0EA05E418E7E7C700D421DC06F825
:1098F000B8FCE5FB3C21F1DC33E0F029CE424169C4
:10990000E2081215DD0CEC100B0F190CFBFC15F521
:1099100022EEC52FBA9F39243F6A0309F0D4072EDF
:10992000110909E97F1FDE00B0260D9F19D6352DDC
:1099300000EF41232256F93A1CF13C7D9530EE149C
:10994000F4211C476C23F7D50A16774C1E1AC91B45
:10995000EA06DB1ABC12F6CAE911FE22FFDC31FB73
:10996000D11709B6EFE9F71F052C2715F00F78E599
:10997000DDFDEC0A0481FDEE2FAC0320112CDBF79A
:10998000EFFCEED1CA1FFD2802E0C42502EA0FDC7D
:109990002817120C05E9E6E515CE13071B23ABAC1F
:1099A0001103FD3A6DDEFAE229E63D613C16BC0585
:1099B000EA06FDE812EEFFFE00B7FC10EBDF12082E
:1099C000DE1605F92007FB120B190CDEF52AF9202B
:1099D000F5F6197FF80DFB1432FFFC07FA04FB08BB
:1099E000FD1706E3FDDD0F1AFD81D611F0FD2B2ECC
:1099F0000BE9ADE8C9F9CBBEEB21EBDE08D8F806E0
:109A000014F63BE90B0323FCFBFBE6FBF6290AFFFC
:109A100023DA2B05CBDAE602190505D9B32920FD97
:109A2000050FF1EA250DFD150F1A0E10F34E1C312E
:109A30001ADABB25DB0AA9ECA135D031FF9DFDFC6C
:109A4000F5190802E199A309AB1507B567A7133DFE
:109A5000EBE3F4F103E881EEFEF42593FDF010BC96
:109A6000CFEF1BFF18E70BE8070A36FF0468110366
:109A700015011FEB27FE2EF937F4FFF714FBB7FB98
:109A800006224AEEFE2030EF08E21127B1441A0AFE
:109A900008EAF7FCDFFA1A01E206120A0EEB0747A2
:109AA0000A09F50D07A2C925FB0A44EA009ED90A56
:109AB00002FB2EF4F7ED3FE016E1ECFCF5EB81083C
:109AC000FA09FFD9F5EF04F9D60308381ADAF4EFEA
:109AD000E7021E10F90416FB02FF1DF8F108010849
:109AE000E3E9CDE9FEFAD0F2D31106ECF40B2B0832
:109AF000F8CD07EEFB21130A62171CB24435D0C122
:109B00001F03EC16011EFC290DA00AE62409070E0E
:109B100060DCEB3614E8F8B2FC0E399CFD2853D516
:109B2000321829FEF721FE0D12FCE1F1E31C03D8E7
:109B300022F435F90D3DD7D10B15E4EA99FE250540
:109B4000BC4C1F1CF819D79EC7FAE7EFE5815036C9
:109B500006F9D0EDF358D8EB11F0F7FF24222BF1E2
:109B60005A01F514F01E264336E605F5033C12FEB5
:109B7000020819F8071805FE0CFE181FFFFA2D2E13
:109B800003EAEAED05E1023945F321002739F2E461
:109B900007EFDFF4E30AEC7FDD270025C219E717A2
:109BA000F12E0802F407F2D4C4FAD2B6CAE1361490
:109BB00026F9E5070EE5F91640DE4011FC12070014
:109BC00005232D0CE9CC0F7F2C1CF82A04C7CF0AE3
:109BD0000201080305FC0E280DF4030D08130F0104
:109BE000EFEBEC0F26FBEEDCFEF0F4F501BEABF381
:109BF0009604E81EE40922DF81FB193D5A0123BEC9
:109C0000E210F70A201AF60EE6D030F913E309BD88
:109C1000F6F955FDDF1710146A2E81F2E162B32FB9
:109C2000FEF95503FE02F9F4F205C5EE15DA1AE85D
:109C3000C13618EEDAC3A10A2CD03B1B073406222A
:109C4000FDD618CC07E3F0EA7F0290041F130E50F4
:109C5000FE81C8EC16E6E70A0EF5D920EAFDFE45BE
:109C600004FFE7DC14FFF2DB1E32B709E318165FCE
:109C7000F1021A05DE15DF75123706F2FBF418340F
:109C8000D1CFB8030C03C3EE43E43E0CD8EFFA4C3B
:109C90001A150E0429FD132BF37F31250802E2F972
:109CA000127FFB2BE63B2388E8D0FFF8E1D903E8DD
:109CB00011E9C31A100B25A7FBEEE9F4B9F426B796
:109CC000ECF003F9F0F3F0FF38F90DE527191BE785
:109CD000622F34FCFC62423101CA71210424BCE1D0
:109CE000B41AF51A2201E52225DBE215F60CDECEC8
:109CF000F811F0F112FCE5F20509E91CE161000D33
:109D0000F004250B4214DFD9FF81F4F84B34F90B32
:109D1000F5F1F0110D3F05FEDB01F41E0EE5CEF866
:109D200025ED01120E11FFEAC013E8E3ECEEEE158B
:109D3000CCEDE9078219EE0D6F105A7FF55146EF11
:109D4000F91F96DFA81E181BE635D61725BC32CDA5
:109D5000E1F6CAD1F126060ADA0BE4050FD1D7DC09
:109D6000B9E3CAE8E31EFC1B1222B5CADDE021E814
:109D700017F9DC37D115F33B3A0CED311825FE52BB
:109D80000E01AF1FFDE6E9E3D402D008F7ECB5F011
:109D9000F403171DDC10E5F7101544FB38E5301A05
:109DA000EA0403AE1BEED644FBFAFC21EF0BFA06E5
:109DB0000030F3810D9F4EF3C64ED9A1BAFEB0ED2F
:109DC000F423E327E63A161FE50601EEC919F60863
:109DD000810C110127F0F11B21FB1723E220141B3A
:109DE000FDF481062BE313DEC4130FFE0A329BE25F
:109DF0000401FD24F5080100FA07FCE407FD0FEE5D
:109E0000F6E1D7010F01B6E7E801F72A33FAD90ED8
:109E1000ECFF29B300FC2A0CE6F5F4110401170845
:109E2000FF00CB06E70B140404F601F2FC811C14BE
:109E300014361664F216F5DEF4E7C9C9FFE304E34D
:109E40000CF75143CD242C1534E6CB8ED83D1BB6F0
:109E500037202AE8000DEBF70FFAF30BFA201DD498
:109E6000A90DCE1F31F9E4FE13FD051BC5124BD71A
:109E70001DFDFF17EDE9DF1D34F7B47FD0073A4829
:109E8000440618DC2C04340559B61ED0241E07AC39
:109E900023FFCD1419F3F5131706F1FBE0EA540D77
:109EA00027FAE1ECF301E00C9CFFEA56F1FB06DD3A
:109EB0000FD83ED317F1B4F10AD91961234F0CA181
:109EC000F7C1FF192AF825810BEFF6E4D215FBF054
:109ED000EACCDCF70620C4ECD421471650341A53E0
:109EE000FFEFB001E60BE201E90D04B53EBAE3EA8B
:109EF0000111D20EFC1708030EFFF101033208EC2A
:109F0000D12F1DDC005ABEDC140FD2F2D9AE3908B5
:109F10001921F9B4F1000E6C182917E80C2DC6FBB5
:109F20002FEAF5F104DDF904D66F0AFB1DEA01FD05
:109F30002CC512EA042820050E201D03FA51457C89
:109F4000F3E9E5F6420B1E3564DB2A15446369EC40
:109F50001CCDE20E25DA090D1DF20A1045FDEBEECF
:109F6000139EF7DFFBD016F333FF2CC14981F6D5E2
:109F70008CF0E8E1B718F90BF831EF08EC1716C2CE
:109F8000DD13CE16131B81F8450AAC0B2215013EDA
:109F9000011411E803390502DFF8D7928AEAE912C1
:109FA000EDF104EDEBFB09FEFF08D9E9CBCE09FD8D
:109FB000A1F4DF09E54BA8B9CCB9E814FEC7C3F397
:109FC000F7D204273CEE0AF7030E4725F7FC24D509
:109FD00010333C25F04767142F5B3021291F0A00FE
:109FE000121D2D4A240515848F3604D8ECD249253C
:109FF000ECFDF90E0200FC000C81FF14F60DFC01D3
:10A00000130A252103DF0C070315281B013A4E070D
:10A01000CE211A4EF2FF0EFA1D3DDF3FDCAD64CFBC
:10A02000E2D2E2287FEBDAFBF6F7CDDD14ECD20BBF
:10A03000E809E625E61103F0150FF71C02E1FDDF44
:10A040000329E8B5052F1701F52810E5FC35E88D43
:10A05000F3E7E6DAD6F6020FD61700BF050ACAB252
:10A06000F7F9CB76994C1800351AB01438F8F2FF8E
:10A070003EF2E64F0BB311C447CEF34A49FA7FEAEA
:10A08000C8EB10F9E418FEF905DFD40A1EEC08034A
:10A09000102A1415D217D50F1EFF61E424C60081C3
:10A0A00046031B0A00ECFA1504E6F1C7D63C02335E
:10A0B00069211BDA428DFDD5DDD0FFD6C245F6E021
:10A0C000B9D0E7F0C74B1FFC0818FC6E33EC1FAD8E
:10A0D0000C00111A0FFE03F6FF04080AF0F1FCEF62
:10A0E0004A21F5C7F1EA00EDEDE2FCFB1503F6228B
:10A0F000C8FFFBFEE32609E37FDEA3164E32ECF930
:10A100001813ECD7F22424261C0979F1DDF628086F
:10A1100017100311E9DF5403C4D1E913E23A1DFA21
:10A12000D9F8DBF1F5FEFCCCDF1CFF2BECE5E2C43B
:10A130001BFDFC03132F0208D7F31F2FFBEEF008C3
:10A140003FEB14813012D4F958F0AA2BDF2B59AB16
:10A15000F6DD059010F8C2D216FAAC0938F6E237EF
:10A160000BFF8E1D14C3EB4379F238F602A642B8FA
:10A17000FE09FB3616000D56E3069FE1FDC4D2F73B
:10A18000F952E4DD81140C0300F42A03E7EBF5E651
:10A1900051A5044A6FF319BFC437093A15511E0D72
:10A1A000D9D4ED7FFCF912FADFFF26E00904E2EED4
:10A1B000CBF824F916F6D97FDB64DEBB35EBFADF8A
:10A1C000164D0B98F41D23B628D1190ACD192EFE71
:10A1D0000A0116DDFF2216DAEDEDDF02F3E6F3D217
:10A1E000EFEFE809FCDF130BEAE4CACA2CF01A62AD
:10A1F0002C1626FAF717078936C0240529F4EBC771
:10A20000E8E6FA33012B192A24F6F00C3D31FFF170
:10A21000E800F9B46C3DDFF5F8C61DCF81F10CF70D
:10A22000EBFF4302DFDE06FBE7E7063035F3F51808
:10A23000036334D0F520FFFF1DD9F0ED000613EBCA
:10A2400018E910F5EBC3E4097E30E7FD2BBC0126CD
:10A250003020D699F624C9F6EDF7EFF735EB0F135A
:10A26000DA4CE8FB29B8AF05179C1A0A3615D50F4A
:10A2700006D50036D8002E1618DCE108B52CD4001F
:10A28000050ED0050AF6E9EDFEF9F9F8D8DC410B28
:10A29000D5FB00D978BCE1E12D10171CCF2613F1B6
:10A2A000FFEDE4F04DC112FB03FA15ECF21B0B0EAF
:10A2B000E3B4E84214D84418C21BC2FFD7E310F538
:10A2C0001BF81C79B537E30128D80501F80BBE212E
:10A2D000FB08E209F81615FF060E0104FAF2F3F77F
:10A2E000E7DFF2FB17E7F4F6FDC71BF41C14DADE18
:10A2F00042F524F128EC421EC4D72F1DC40F0CE6F2
:10A30000FBEDE422FDCEF9E73C1B47F0153C7F0650
:10A31000ED01D61B51E7150902DBE30B0D50FFEEF3
:10A32000EEFB0CFFB322EDF200CAF8F5103FB8F8CF
:10A33000160F04E4FFFFD619ECEF8105EBF5EDF7FE
:10A3400070120210AFFB36213DD1AC210EC21A258E
:10A350000A020940F8E1E817F0F7D5031781E1FE9A
:10A36000540AFB29173AF3F27FCBA85AF6CBEC102C
:10A37000DDBC01EF16E6F7BE135419AB0400B4E8D8
:10A380001D0DFC0B071AED6D19C0033E8A08EF0C7A
:10A39000C605FA06CBA500F3E64ECEEB68E80A0048
:10A3A000D5FEF51D0AFEF0E8CB0F02ECFAF9E1F458
:10A3B000BD069D7C39E10DA92D3F1FB007E5B20C0C
:10A3C00049D93FDFF724F919FE7FCB19D6EF0509EC
:10A3D0000106FF37EEF3DC0DE80581FB0B03F0E42B
:10A3E000FFC9DD0815EF20D17F33DADDF6DDFEE7AA
:10A3F000240312FB4537C035E45EC620E80C1D0E71
:10A40000D42CF4E9F259F4E1E21AD6234D1427D200
:10A41000F404E15304EE01D90D2D0A28D7FA96CFA2
:10A42000B8EFEDDBFEF027F8F3FAF475F2BB463037
:10A430002A3019BB24BF13E4E825E227C05302D019
:10A44000A43ADF27130804FA0F22D733B82C3503B8
:10A450001CF81FF30F9A350DDDD9F9E5E30135CC72
:10A46000ED081D19EFD417F3F0EFCCF20A1B20F41E
:10A470002F2032D2DFDB34D6E0F009D0EB03F40337
:10A4800075F615E012FE0FED15EF07C51F55FA62C0
:10A490004E2E6E1C2E37CEDD0B0161F5F8642AB608
:10A4A0008F36BED6E5CB15E6F9519F35F281A1096D
:10A4B0001CFBF781FE2FFAEE5D3ECB0E06E4E5268F
:10A4C000E7D9427FF9E1FBCFFF30E9FA1A0430C443
:10A4D00033280BBC24BEC5F8FC0622E992C6D92954
:10A4E0002EDA371ECA2CF91814EA0C0918FCC20817
:10A4F000EA40FCEB124ADA01D913094A25FFF0D6EB
:10A50000FC19E040F93BD8F6E1FA0DF8EFD2013B37
:10A5100024E621F80B3D98E6F843FB46FC0DD0AC51
:10A52000DAEE011D121EB0011CFAE211CBE099F621
:10A53000EEFF02E9F9ED85631C21D21E41F9FEE12F
:10A54000EC03FB1F37041BB3FEB06F0461EF1298DE
:10A55000F4BBBEE5451C24D8DCE330BF7917E03CF2
:10A56000F00B016B0EFE0D18FBF7BCF2DBF5C8CC4F
:10A57000E6C80B1B17BB37EA98F210C31113E5F6B8
:10A58000DE172438D2EFC8FDC71B41F90A3DFD2D67
:10A590001D02FFF0DDE1380D232DF5345C1BFA7F41
:10A5A00002F317BBC315F0EEE2C20E09B9DBF8A245
:10A5B0000120363507E842B739D53330E6452B0759
:10A5C000030ED54A03E4EBFBD6C0BFF40DEAF961F4
:10A5D000F1C5EAB41CE657C78334DADF203956DF09
:10A5E000E92B2C2306262DEE5011F6F0EB14DCA3FC
:10A5F000F9FC1452FA19F20AFCF8FE3AB7DDF41627
:10A6000006F951F52E810BD7570C01F71FCAE62624
:10A61000101CCED220D6EED729E21811F5D32D1179
:10A6200002BD8118D895050BEF25E63F2BA1FF0150
:10A63000FFA9CFCF049B0C02311ADA3DE3DDEE0E09
:10A64000E512CCFC172D7FCEF1BB0B08C3FAF8EC5A
:10A650001EF2DDF30A1A1ABE0CD7DD4BE61713F60D
:10A66000EEE6D31401813AF7F50CEF19FA1FF5F96C
:10A67000DD2CC42F4FCAFCEE81F1F9DA011A211545
:10A6800017CD4D60C7A8F63BE42F0E336D170CE4D1
:10A6900006F5C1374A62143B3911FCF896FD2603D2
:10A6A000FB0B3592FFB8EDD1DAE6F73DBAD513F5DD
:10A6B000189AFFC6D6B5DF09A67638363B0ECE0A05
:10A6C0001626CAD3DE54FBE9EB041650BF2E5309FD
:10A6D0000502B27F061D1B0A14391E9CFC1AF3F3F7
:10A6E000F4167F094634300E1807FE07B40FE80A47
:10A6F00004197F434995F317171019DB1AC809117C
:10A70000E5E80EC6FA15291205B7B94E3CFC19103A
:10A71000FC1C03E918F4024EFA18B7ED5F81E1085A
:10A720000A1DEE56A6ED08CAEE01B4151FF6F1E5B6
:10A7300038D8FD4D81D9EAF0F8C9D3193708F80A9D
:10A740007D1FC7D4FA1C04020EFF0BE7D708351093
:10A75000E5F5FBE81DDE3431132AF1B27F15BDE2C9
:10A7600016E8FA1B16F4F5E5F83EFFC4FE1F13FCCD
:10A77000CED5CB394F002FD2260333D726E223EF95
:10A78000F7E9FACFCAF9E7E6F004E600E3A07F3183
:10A79000433200422911110D0CD547F6FF488111B3
:10A7A00044280731D115EA2DA5BF912AE3F71704F4
:10A7B0003111F40A2A10F7310CA8590EFE19FA3497
:10A7C000D7F7161EB128E2C2F52255F018CC35F4A1
:10A7D0002C0FDF1754ED51EA16DE4FC01603DE0DC5
:10A7E000470100AA24F81FEB0013FA2AF9F9D8F25E
:10A7F0000C2308DE2D272A1D0BA1CB28180D11FDD7
:10A800000D22F40E1BFA1206F7F71D11FDF2FAF3F2
:10A81000D231E1B2110019E2DF1663E906F9BDB6E3
:10A82000F3EE1D0C3C0300ED0B1C011706F719E6B7
:10A83000F9EDF690FC1B0725F6ECEBEBF61F140682
:10A840005915FC181F8F3406A2D12881A6FDDDF40E
:10A85000E60227E30D26F2FC2CE8F515262BF32360
:10A860000909CC031DFB26B1C6ECEC01F30CED0588
:10A87000441325260CAA02D0F30AF6D9BF27D9EE35
:10A88000C30BFCDEEC1DEAF6D7050B0802F3A8D0DB
:10A89000017F1C10D4B62133E55FB6F3D0D375B178
:10A8A0001D12FF19F82F04FB21EDD21F4A35FA08BB
:10A8B000D8475281BF0D1FFBAD2E67991A8C0EF43D
:10A8C000FD03EEEA7FF30D11F803EEE6F4010BF65B
:10A8D000D4FFEEF2EEEC1219FA0304F705E10E0DC7
:10A8E00031B6071C01D6240A1DE0D2D05025365CB3
:10A8F0007FFB14F31D19FBF319EBC6254E110A1249
:10A900000600FF0A1405F21918060B01FCFC1300DF
:10A9100002E52EA10605F5BA3EEED0FED640C79759
:10A920000D0E060C00E931F0F4EA08F510F901F516
:10A930000A0B140AEBE8F1D53F0F1213E9F00409F2
:10A94000C9B4E9081DE9083CB1F1E4DB16F6DCD234
:10A95000172C0F02F3F8FDF7010507FBFA0429ECA9
:10A96000F5E31B61D706E1FCCD04EE1D52F9D609D3
:10A97000EABB001008EB552DBB14DAE138F60EE700
:10A9800013131ADDFBEDC0E344E9EA05CAFB110825
:10A990004EBC2640230C126114DE25B14950C5DDA2
:10A9A000D5E83322FDECD3F118F82201F047E71087
:10A9B000F5B9CFAE1F25B905BB4C29DB185F550D86
:10A9C000E5EBFBFE18EDFEF8060028F610FE0FFD85
:10A9D000EC06FDFD150DEDFBF4EF19E6DA0CFE7F3C
:10A9E000EA011C1E0BDE24F108FC2FBF3813ED7F9B
:10A9F000F60C1E07FD020AD4FDFA16F1E706F3264F
:10AA000011E621F71A10FC812D18FAF70C0703F74D
:10AA1000ECFAA0CF48A812EBF6E106FE5FFB103778
:10AA2000F9F5FCE90066FAFCDFE6FCF2DC0905FE5C
:10AA3000F2DC12F1E9F2F100D37F102C04E4FBF711
:10AA40000201986EFBB7E417E904E6B3F7D22D11C3
:10AA50000EF8E5A90DCF0A1100C9FF06F60606CBD0
:10AA6000FD816DE61DFDFA05E613E6FB95F63DFC5E
:10AA70000502AF7FFAFA2A0C20F1EED40602F5FCAB
:10AA8000F6D89D1200FA0FF5EC4B132312CBEE14FF
:10AA9000314A2549A8F35DE06E40411228FD344B50
:10AAA00013D822D0DFC237D51E7F224CCD0C02082E
:10AAB000130E9DDBF3DEC7FF1E3ECC933496C90B0D
:10AAC00006130EF6F3FEE9F5F2F6F40002F817E8C5
:10AAD000F7111101FAEBF9EDE6EE070D2DE6E8FFAF
:10AAE000F3E72FEFB34A0D37A9DE0D157D21EBF209
:10AAF000182521C5552A41F0F6F6E810DDF2C4F21A
:10AB0000E9EAFA0D16F6380619F313E9031DF3FF07
:10AB10002D09030BA5CEF5F409E181EC04D427DA65
:10AB2000E8F506012A0D16F9FE083CFC267F110304
:10AB300013F20306F81D1C042BF94721FA16100422
:10AB400091DCDDF62F031CE9090B25C9090CAD15B5
:10AB5000DA01053FF408FDE50039813108F800E429
:10AB6000A1E6F5B6D8D3DCF4FE6C02EB1BE3CA25F4
:10AB7000FBF1DD3C570637E4171757BD0FE8DF0937
:10AB8000492715E6AC28132403C07F3125AD1E0BE1
:10AB9000D9E3BBB5FA33EFD24BC755DE545BB525CD
:10ABA0002CF9F603B2EA0C25BD16522B2CEC514EB3
:10ABB000CFF0EBD5E1C03CF818DCF6B1FF4CDB1769
:10ABC000E8F3F5AEF9E7EF02F5F6FBF904F0FBFA6E
:10ABD000F7EBF18BFB05ECDFF70AF9EF110AFBEF5E
:10ABE000AA06F3EAE61CE6C6375736A0002A92F317
:10ABF000EBEEFC020F0DB8010AF4E10EE5E7CE0D15
:10AC00007FFC020ED6D9F70B10ED2CBF204D12059C
:10AC100018092A0CF6F3D701F70D1A19BED5F5025B
:10AC200044FE1865F7FADD14C30ADBC40C2ADFF210
:10AC300017CC251F2B22F731DFD7F2CACBFAC0EE93
:10AC4000471EED43EFD21F0D0AFA2D20053824F3DD
:10AC50005A28F5E6EBCA133ECFE44542E1A0101BAB
:10AC600028EBD4D50556DC1A120028C20B07EFC218
:10AC7000B91EDEE6D27A0E071131E34671CB14130A
:10AC8000FF1D0AE6ED189F28082F8811E906ED3A06
:10AC9000E1B5FC0EC401160D0DE3F2A255C7DA3A78
:10ACA00004FA0B31F848EE193D2E3F426E2428E19C
:10ACB0001C0C1D1A10F8CF0E1A1A482B0204057F1F
:10ACC000ACC0C90902DF22F120DCF40C7FD8F62ADF
:10ACD000F005E4ECFD0405FFF602F5E8FEF07F1A4E
:10ACE000E62C2F1406B2F51AC11C0A8D9BFFD41E48
:10ACF000FDFF1F062A1DE5DA1D21135219FEE1375B
:10AD00000E00F2EF11ECF6091F2131DD04E80F749B
:10AD100016F8D912F01A14EB1A3A703D811126C2B6
:10AD2000E7C010E8F9E4FB29492260BB1A362EF788
:10AD3000F7BFD70F2B020DB675CCD831FC0AC1C0B6
:10AD4000EB28EB2F02F9C81E271AE810151BE8F2B2
:10AD5000A408D43A0DFA00710036FA01FA424B1DEC
:10AD6000C40BC9C63EE5C4AEEDEB7F20FCC5EDD7F4
:10AD700015F90EF8B80005D314E5F83AC204224FCD
:10AD8000CF36F0EA810FF3B11A4AAAF8F52EFED5B4
:10AD9000F1EE17B0ED1EECDCF9D3D8EF4F05CFF391
:10ADA000564E7F5C0EE6503209020C4ADAF3299DBA
:10ADB000C707FC2C04161025021431C01B0F185DA8
:10ADC000C3340327FEFAF5EB0CF6C201C6D5EE41FB
:10ADD000EDF8FDF107F7E9F7F0EF0CF2F200FBF206
:10ADE000B3FB026605F01D0BC74EF0DD133DEA33E1
:10ADF0003329130ED71222FF27231B2001F52C0F16
:10AE0000FF1931162942FB280B33EFF9091E0903FC
:10AE100003152854FDF0EB270CF4031E0303180F51
:10AE2000EF3FF7263A1A1B2420FF07DB562A11F6BC
:10AE300005F2DA34C3020DE07FEF08E0E6F9042002
:10AE4000E924F44A28F30811180EE47F08270104C6
:10AE5000E1D4D5CA04EF81E7573308D442E6DC05D4
:10AE6000FF28F9E1020BCE19D5E20A3BD8D2FC0546
:10AE7000ECCE6E84F90FFFF321EB1E0014EFD6FC2D
:10AE8000F0FC2BAD524A3C9EEAA506E8FBBE080842
:10AE90000CDFC1ABFF27FBFDE5F80805D9FCE60098
:10AEA000D7DD40DE28FD3CE946424D19D0FC412368
:10AEB00003F1EA062B15FB1D331FF20328190401C9
:10AEC0000E1C42EBAC25EFEDE4FC26233813B21E3A
:10AED000FAE612FF09F0F7F2F3EC02FA05E701FED9
:10AEE0000D11D79D7FB81BDFDEF3D5D017B231E54A
:10AEF0000612DB240E260B0D1F18000139FB10EC87
:10AF0000D1FFEAEA21F32FE9562540E8FE1EBAE90F
:10AF1000240E0A0FFA04F51EF8C70535EA0E2A12A8
:10AF2000F8FF0AF97F1CFA0421EF0635FE9AF9EFC3
:10AF3000E8FFF1246704F10D191E1A20BDF6BCFCD0
:10AF4000FADBFE59CEF3FDD12151D9F20C024EE4C9
:10AF5000C9DFE4BEBB0D23EC1EE414C6E633B10B1F
:10AF60000204FBD3F107EF3D1401DF2EFCC714F4FC
:10AF70002B1BF4C1FC0DED56EE81BB34EE460DF8F3
:10AF800015D5DFB4B5C418ACD4671019FD1DEAE3BC
:10AF9000B714FB36F7F9EDD9263F0DDE0334810EE9
:10AFA000E9F9F75CF10BD54A291AFC48EDB13C40B0
:10AFB0000810022125FDEED4F62C3C09F3FC25EF08
:10AFC00010EAFAB8D225EE0DDA9F1FE8B356FBF669
:10AFD000EEFE03C2FAFBF5E7FF0CFBE601FAE5FE25
:10AFE000D4D1E31D49F7D6FCDEBC14EE1D1EF120C2
:10AFF0001B1D22E2F30E100A24F13301EE81FB1E29
:10B00000D7F002F405B0F8F508FCE2E0DE0402F740
:10B01000F23C2F3D0FF57F1D1728DFF518D801E111
:10B02000D1E2F5190EF0EEFAE6E2F3C5E9F4237F7A
:10B03000D52A274F00E4A22B3DFFD300160F7FFE39
:10B040000D19E402FCF6100337C9F5F9BAF3E91A51
:10B05000DCAE38EF2DDABEC9F5F9CDB6BCE6D3814A
:10B060003604F50108E7080C0510AD05060BF5DA06
:10B07000D9EA0B04DDF6EAF1E8D0053114E2120D4D
:10B080003CF8E71900FFEE17ED183CF725111D3CC1
:10B09000052C0BB3F1D63B7FF2012CFC39FEC52108
:10B0A0002EF3271A1627D52D13A814D1DBEA33B5B2
:10B0B000DE20E7E7F594D6D3DBFC0BA6D3D0EEF386
:10B0C0003710E9D3D60C267F341300EC6D4020C135
:10B0D0002222FC12EB50141AFFF20A1D690F0631EE
:10B0E000E21230EB0208030FE11CF11023020635D7
:10B0F000812425F804A9C5E819EE0D9EBA2508B9E2
:10B1000000F2F4FAF2F8FB01FA0ACAFBEDFD21DCC9
:10B11000F3280D093BEEF41025F5F248E5D6EFEBE8
:10B12000E5F5F9D00DC0F1350D1DF5EB0A3213D957
:10B13000E7E80F01CEF2FB5203D9C70729FB01CE86
:10B1400019DDFD16D0F301F8E9FB08EAFBFC06F176
:10B150003EF1C7F52ADB09EFBA01F8D4D00444AABE
:10B16000FDF212E419158403049B19090411E81671
:10B170000F141DF3F7EE0526F60113FE2318EB0A54
:10B18000DDDD073421106AF51D43F010072C07435D
:10B19000F921F74B00132EFE2178E206EEB81312C8
:10B1A00022D2D1E809EA0304E4420CACFE9912F27F
:10B1B000B2D099ECF8F6A0AACF0F4DF6FDC308A8BF
:10B1C00018EF7C22E4015700B6C216333CF994E62E
:10B1D00005221502F4EDD4F825D27F1120F6F32CC8
:10B1E0002809E2F0FC9BFFFAF11218E30B046D1240
:10B1F000FD09890C1311F1CFC3F0EDDFE9DF498EB2
:10B200000108F7FD080B0BEFFE09FAF8C1FE81F902
:10B21000CF211BE9F6F1130CF8058C300608FFF07E
:10B220003EF4F932DB16F2272C0F03B0F80313C2F9
:10B230002C2E1CA8DDBCEE0BC81823E4F6F7ED3A63
:10B24000D102F80E0C7FAF03E229F4DDFA2307E206
:10B25000FB01E906A38F118FE92B14ECB6D5A625C7
:10B26000130306F911F9E7FB04F8FCF9DABE033D14
:10B2700030E590221E19DCE1130409D10205EEEF3E
:10B280000AECE5F644FFF7F3A8FD0A12157F0B0C54
:10B29000F3E10D0AE38E1CFE1C352846DE0A02147B
:10B2A0002D2D13E0D78134BED7BDB7D936211DB9B6
:10B2B0001FDD2BCEB54AA981E3F9D90B7AF5CBDE98
:10B2C000D80D0E39D52DF5EFEAE2BEFFF103F62BCE
:10B2D00018EDECF7251305001AF7161027E74606B8
:10B2E00031013D00D115170B2174FBF41FF7192E06
:10B2F000F52102FF95D5049515FF16DEFEA2B5E6F1
:10B30000D6DBFCE9FDFB04EFF41605FC0AE20800BD
:10B31000E71AD5F92A02011BFCEED9EFF200F0E39F
:10B320000527FB06EA0D703DF7CF29390AF93D1EC6
:10B33000EDE21AF962DC98392E0B0AEBB4FE000B31
:10B34000FC01F9E1EBE7BEE3F9F14A29FBFCF82146
:10B35000A1C1F2FCF9B2FBAED71BC77BFFC92346E4
:10B3600081DFEE1210F8E7C3E8F603EDF6F5AEDE86
:10B37000E1EF08C5D4142D06DF1C2927060DE77F51
:10B3800076232BFEF831EC5BF0C5111EC4FD7A1755
:10B390001315C20219D211321ACA15CAD4151ECFFA
:10B3A000142314FA440CE4D4EC36054F2A3DD50F8F
:10B3B000C4D6E9DAEDE5B49DC5A72C2BBDE4CDF9E3
:10B3C000E526221CF3DB2CD09C29E31430042D75D8
:10B3D0004A2FF017EE50C2262D041427F401E05F27
:10B3E000FA1E372B36F85928D0F381FBFC0E08A340
:10B3F000C4C1EF08E4BBF7B2E9050735DFF7DDFEAE
:10B40000AA0FED31D081E3C8D5F0F9FAE4CFFCC33F
:10B410001DF1D723BCFCF2030AFEF5AE18F22E1183
:10B42000DDE527050413F1D7FFF20138F4E6FB0C44
:10B4300028F04AFB030BEA16F3E9F1ADE2D513F36A
:10B44000F6D803EDF2F95AD0E5E1F7F163461402BC
:10B45000E412EEFF9802EC20F7E40F0EC62C27044E
:10B460001EEA1EF41D163E2C0C0D04104AF01E138D
:10B4700000213D08FE16EEF9CEEAFBE2CD06E822F9
:10B480005BD6D6F1171402DFF29AE810F4D308D293
:10B4900035EDA629034FC1EBF30ECF161000F10ACC
:10B4A000E93002FBF5F6647DF4F7F90E1337F3315A
:10B4B000E1061301DFF9FF04FC14E8CF00031127B4
:10B4C0000EEFFAF302F30AEB09EC0CC7211E20E899
:10B4D000F9F93008160DFF090B040CD10C39F7E40B
:10B4E00005090F7FFBFB2405F7F8000206FC38FC7A
:10B4F000372F760360268125FBBAEF1812CDF32192
:10B50000121EC3EFE3FEF6D22BEA2EE7C1DBFAD818
:10B51000F6FEBF1A1AF50AA411F708BDB89C13E687
:10B5200005E51AD208D5010A22E6FFD72A1CEE0C3F
:10B5300082F381A72B0908D3011BEAB427C61CCBD1
:10B54000021EFDE8EBDE149010F31BF9EA10F10E79
:10B55000DBF3007F2FCE1487132DE8F929E508AB24
:10B560000A395BEAB5F70507131DD74511CB1F63F1
:10B57000F0B5D12C197F070605ED13E315E034F97A
:10B58000EA2089D27F06C023F5A6DDF7F5F1EE208B
:10B59000003DFE3B4B0C1C9F1A4B330A906703EC9B
:10B5A000013AFA45EDE8FEEFE15D0426F581000E73
:10B5B000DFF7FED70FE1EFDE0E00F215040D01F408
:10B5C00016F0191ACDDC06AFF32724031011FD0B7A
:10B5D000FF17F8FAF6EBFDC9B521DE0EF1D90C091B
:10B5E0000C1115F8F811FD07FA0AFF32FBFFFCF900
:10B5F000E8F756E2DFEBEA4FF33BE5D456F7C61720
:10B60000FBCBEFFCC5F26199F2FCF5CEF626D0F249
:10B61000F6FE81CD15E0E808B81FDC1ADCD6F31A77
:10B62000011A8144EA44E10A0BD620BF030812063E
:10B630001CDBF3FEA51C34951CEFE1E40615CDBA26
:10B6400032CFD8A31914EE18E4F008440A0507E332
:10B65000671CA3BDB039F8F5EE14EC61E715F8EFFF
:10B66000072301DE53C03120FE0FD012750324F3EF
:10B67000EDF202F6023AB9E1DD01FC2004E8F5E35F
:10B68000060E0929FD3DE4D608BE1BE8EAF71D4178
:10B6900000DDDFF7E3E1E2436A260CFA19245DF1ED
:10B6A0003814EA3516E11E212739FE782538F3E5EE
:10B6B0004309EBE8EEFAE5FE1A16F72B02F30BD678
:10B6C000F4F42CE219F7FBDC1424CE3EFEF9F6D894
:10B6D000FDA7C0C7E80911FBDD00DB020B0402F285
:10B6E000F6FDF9E5FCD1FCFC1308FFFE060C05FB9A
:10B6F000EBD8474E13FFE80304EDF59E0AF5F70F6C
:10B70000B3B50219CFCCF1A9E12D7EDB16E5F22904
:10B7100009E8C8F3220714FF0AED11E4DFBA05E2D5
:10B7200012101A02F82F2316F7F52C261B10FC42D4
:10B7300016241A32E4DBD691F1AC132B0BFDB900C1
:10B74000FB08151307442E270EE830FD0CF6EC7F9E
:10B75000EAB2C0A7EFC2200E2C0E604B00FF3A7673
:10B76000EE62E9E6282F124101D7E28111010CFCBB
:10B7700001CFEE16EBE0A1EA331C27F60E09F8071D
:10B780000EB2A20EF05002CB07DB018C98D0C04A5B
:10B79000152215E58103EF16DA0CD632EDD700DD60
:10B7A000D324D7EF6B300B3218FAFCFC22FEF9FFE2
:10B7B00009F82BDEF9EB1F16FFEE2E11E9F51C7FC1
:10B7C0000C0603590CA7D80009FD11EF0A0F3481AC
:10B7D000F5FCE6FADFE600F7ED06FAF52081FDF369
:10B7E000F20DF3000207FB0407FD071F0612FB0B17
:10B7F000FC425BDBE3DDD6EFF306A415F61C041573
:10B80000F9F428F30281D2DFF5F2E0D7DC0C02AACA
:10B81000F38113C906F4B5E509F803FBFC22CC005B
:10B820002A09EB28DF1E3323AA0709351D050BF66D
:10B83000E3270CFA04203512925EDC142737041C2F
:10B8400039FA1913F7162210815417204819F2F407
:10B8500017F7E60A000200FCE6E8FAE5B61F0497CF
:10B8600002311A0F4E02D9010F290266EBF1D315EE
:10B870001EA9B5078103BC822207060BF1AF53AEA8
:10B88000E9D160F9F1A2F89F0417EEF0E5E3F5FACB
:10B89000200210D907FB220A0EE2F0C1CFCB2DC542
:10B8A000DD0CFB02ECD003E435FAE1F8F7C92A7F9E
:10B8B000174FADDDCC210C29F2F2F94C07C9741FEA
:10B8C00026040203E9DEE8FF55FE0EE3EAE4FCF796
:10B8D00006DD53FD7FE9EDDFF80FFE0CF2F2F10615
:10B8E000EB7F48F2200C3651E6FEE51A2535E50BD4
:10B8F000CA091DF006C7F4D02AE19FC7AFE5D7C03B
:10B90000210FE50A2C05F2DEC8F103E6FD1703F36B
:10B91000F3FEFCD6FA1700EEE9DEF9D3F0090000D9
:10B92000EB2F43DDEDC5ED09300920112CEEA347C7
:10B930000A3DED130A810C02EF061925F926D2E91A
:10B9400002711208F2D110FFF3FC3D0F0821F4360A
:10B95000E6D7E7DE19E4BED3FAEB0ECEDBBD06EC8C
:10B96000F6DE4BC9D0091D7FF1EEF8D02932101850
:10B9700016FA1CF1E54A0412ECEB2501D90A060877
:10B98000E07FECE7C50805F1CBDE10F6F0EDF7DF60
:10B9900099BDF4D6111481FFFF12EDCEF4D41EB27E
:10B9A000D701D8FFE8EDBCDB27BCDBEFF2FED7E622
:10B9B000F0DB17262A0624327F0E1CE41326EB1137
:10B9C00000CA16FBF07FE2F80B0F04F411F22CF41E
:10B9D000FBF704D6E61BF73D09F1F5CC23250AF564
:10B9E000090F082006D913030F64EC0C1CD906F7C5
:10B9F0003252D2E3E0D4B20CD6B2F4DAEBCD21C9A4
:10BA000020F6150FD81034B9E02819E9DDE4AEE8C6
:10BA10000CEA051A061506FBEEEF01EFCBFC010D53
:10BA2000E91220FC0C12A20A06EBF9E8E6061CAAB1
:10BA30002230100CC4DE1E4607B31A07EBEAEF13E0
:10BA4000DDE4E81BED0CCD210EF81CFFEBEEF2E679
:10BA5000FB0E06F5A8C506CEEDFACFF7F8CB1C0411
:10BA600009FA3C7504FA18A4381900D4EEF4EBEC8A
:10BA7000F3CDDDD916CBB21727F93807B3040FDBA6
:10BA800012F617E3DD0B76DB1BF2F617B1EEB3F31C
:10BA9000160AFE1E90071D8FE711ACFF760162A00B
:10BAA000011ACA000407D315FED30E0BEEEAEC19F7
:10BAB000084D5C3C3AFF10531CE13AE1172028077F
:10BAC000E405D7FE2D0BE1BBDD34F6EEFE0105D615
:10BAD000E74BFA340F0B24E80C07FCF10207FB09D3
:10BAE00003390418EB061C12F0FC0F134B23F81457
:10BAF0000B13F7FEB1F210BA512AFF15CE868B3424
:10BB0000BFEFF7000AE7F082F92E091D40F4331D5C
:10BB1000FE0906FCF7FD02F6E2130CF1FFF406EC59
:10BB2000324E140055DE020D0A085A424FF6F17FDC
:10BB3000E9EF1F19231276019CF5F6FD2EF912DBB1
:10BB4000EB29FB1613E40C20F2FF2B3B55EBDA0A32
:10BB500005D2B5FADDDF09C711F7DA2ADA0481F177
:10BB60001F27F62BD5B1E809E117BDD8FD1C319888
:10BB70002015E2EECA28FE0000E000EAE805EFFD2D
:10BB8000E1ECBAF41BF9EDEAFF28FC1035E7F037D9
:10BB9000E0E6F9410BC41192F6E109E61735BE0360
:10BBA000D1F0E005E94F10E4D9B69DBAC1F116F322
:10BBB0002710270F1623FF2D1CBAC6DF1176221F70
:10BBC0000D03EEEEE9C4BAFFEDF40B22D005E20955
:10BBD000FCFD0308E710F9F209FEE0DFED17E5E8E8
:10BBE000D616FE084EF6DF2C042714F62A2C0B1C62
:10BBF00081D9D40CFF0C1ABA034F0AF60DE494D97C
:10BC0000FBD4E7C60C12BF0BBB7FF5190F3810B47D
:10BC10008110001BF9DE2EF10118F4A9DB0CE1D92B
:10BC200008FBD70DEBF70D00CFE213EEECE7E306D0
:10BC300001DF26032F02361E907F0F1737052026BF
:10BC4000EB48FD0F25FB120D052A19222F0B0DBE07
:10BC5000FA284B0B7F1B1419281000041206DE0F64
:10BC60000E06D0AB2233E7B6F8E4C8DAD2FBEAE33B
:10BC7000FB0407F6F401FF07F23B09FEFC040A107F
:10BC8000FE15F7E6E802F90C114A81EFE8EEFF092C
:10BC9000BCF2E45505B4F0B4A919FACBC7C3F50159
:10BCA0000F09070DEEDB182016E60DFCD8FA21006F
:10BCB0004611FD01050108F1E9E75E45310AF70D7E
:10BCC0000DFDF516A606DBEE0714FDDA17EEF1FC06
:10BCD00026FCD981AFEF25E504FBF9F40A13F7FE42
:10BCE000FDF8E98104FEF1FE2EF8C8EAC92BA01187
:10BCF000BCF5CC1905CF03FAFA063AF71FE915444B
:10BD0000E0FB15F11A12E7D20FFCF4FCAFD7081EC6
:10BD100017EEE4E7CB0FBBB4B70A1B20FEEA1AF319
:10BD2000F1F60106C7F3FE27F5C6EC0D0AF6D4B608
:10BD3000392DD90F44AA25E50DF51324EF10C414AD
:10BD40002EFADC170907CBEA0A240F4206BAE615D9
:10BD5000FF25DC150AEA020B120B1E0A32FB48D93A
:10BD60001515C0FF21FFC504CBC132EC11FC0AE858
:10BD7000DAE93526EC146AFCFD55F5070C12EA1ACF
:10BD8000FBFA0111F0EBC0F20815B3121F141DF2FB
:10BD9000F79603EEBC3CDACCD1FE1A10AEEBC2EA49
:10BDA0005310FB000503E11C09B7BEF207C2FFCD2B
:10BDB0002613F5D8FB26D1EFFCCF4F161503D4314F
:10BDC0000CC0F90F1A0912D3F5000B43EB81060ED4
:10BDD000FD080BF518030ABFD9140AC0D4FDF615E7
:10BDE00009DDF1FC02AFFB12EF02CFD302E9EEE076
:10BDF000AAF6F61BF5EDAF0410A5D10C06FAFE026B
:10BE00009411FD0D0AE7F8E6132A104BEBF4DF203E
:10BE1000FCD8BDCEE5AC0AF40B19FB180A9AC61D76
:10BE20004A2208FBF15DF60506250DECC1060CEB78
:10BE30001CF724F3C2F3F3200AEC0CFA0FFED6131E
:10BE40009905F4DE2AEF0AFAFB21B46F08E4F82121
:10BE50000DFE071FD51A58CBCE07BF0E1CEEFC14E3
:10BE6000EB02480FE10681C9F0FB050CE41DEA0B6B
:10BE7000FAEEFAFB160E1DFE0AFBEDFE3A52181101
:10BE8000DA0E01E30EF2DC1A1F2D1BE301D51B466F
:10BE9000F2CBBD03334E1CD8D220E20F9A9AD004C5
:10BEA000F4330923BC1551300CED0BE5EF812A3D2D
:10BEB000F513FCF734D7F900FFF21EFE31007F16B0
:10BEC000201CE6D22300E3CF42ED47FFE412F2123A
:10BED00015F7CAA72E040E28A0ECAA12EA0AFD0A3A
:10BEE000EDFB093114FAE00FAC2ED107FEF2CF00C2
:10BEF000FD16FE0A160AACCAF5CCE511C8F1BDB3B1
:10BF0000E21ED6172D12D7FF21E3B0EC191005C29F
:10BF1000D3F3862AA9E3FDD702232E312A95D3EA4B
:10BF200012D1D9D52AD9F7C5F0B4017F0A00032E62
:10BF30000CF40B23D24A3D18D24005ED5DEF1A1EDA
:10BF4000F015EB0F102AF51DFB03D1A7E324CE81DA
:10BF5000F4EC05FC27F0EF111C0000452D34FE0029
:10BF600008EFF1E7D40F02DA2C134D5705B0F7496B
:10BF700039552B04FBFF2B1623EF39417F1E2DFD76
:10BF80008B2224D2F3F20CDB172404F7A4D6BAFBDD
:10BF9000E88A9902C0E3E8E51D0BE55F7FC2C8F4BB
:10BFA000D1B6D90F075436DF1C0012355631CD5AA1
:10BFB000102FD207FB37EB251B15DDDB3031D30902
:10BFC000010ACCE64F17E50DE401F8FDF3CC010DB5
:10BFD000041704020A16080BF0E91FDC04CC15F262
:10BFE000C7E320F705D73FC42DF349300E012E1DBE
:10BFF000E5D4E90C0008E72BD38123D2D5D3FFF792
:10C00000E01A64F709FDE700E219BF81100928F280
:10C01000DC14E906DAD213DEB1E71AC3F30965B31B
:10C020008D0F1A21DB221AFF02E8270DF581E6E9C0
:10C030000413EFEFB5F20D2BBEF7FD201D00C5FA7E
:10C040009528DECF1303121C12F612F20E22291AC3
:10C05000F9EED3F2E214DEEC2914E7F70517372DD9
:10C06000B3D3F0F20DF024D07ED3B4192294FE2D78
:10C070003FE30A58F2EEF0D039E2F9C40CB202D92B
:10C08000252107EFD6F320EAE90B00A800CA20E338
:10C090009732F6D4D41AD5CEC1D254B7E5C257A838
:10C0A000AA30D329E8F3D8F90A1B1C47FC121E0C4E
:10C0B0002AFB0FFC0AFFF61214E741110104FCF001
:10C0C000D2CF5BE1BC3796ED2B07560E067EDFA67E
:10C0D0003B360EE9566298302CE654EBD7DFFD0173
:10C0E00049223C040E28052818387FDEB4ED35D0EF
:10C0F000FFEEEFF481070D090007F1DCFC060219E1
:10C10000FE02F6E6FAE53F3BD71CFCDDEF0CF5EE50
:10C11000D6FC30D5002DB9C27FAC3AC901EEC6D4E9
:10C12000070D9C0507FDE609FC3EBDE6FFFC08E0A7
:10C13000030A0B23EC1111ED7FF205D2F0EFF1F8B9
:10C14000DFFCF53DDD7FF7F503E40DE8FE0601DEDB
:10C15000C31759EBF404E0F902EACC02090006EF38
:10C16000CAF3B4E5F3F4F50C0CF522E3DFDDE300EC
:10C1700004F8B6E3F2B73B0625CDE745131718439D
:10C180002719CE19F7012910F70481D61B33E3EEE6
:10C19000C5B1AE2B7FF6E8892CFE3CAE05EDA401BF
:10C1A000ECF624381615AEF5FB0AFEF5A60BEA30C0
:10C1B000EDFC2716F3B7EAF2FA0EF82C2EF305364B
:10C1C0001DF65717A342E96C3117E0A36C4050B538
:10C1D000A2220300DA1CD9081560F92AF40222ED24
:10C1E00017FBCB0AF9CE2B1BF8140431F82DF010F5
:10C1F00009000C2BFD0603FA60F3FBD9F90008EAED
:10C200002AEEE8FC09C5071C0906A2FC2615E23542
:10C21000C627D1B41215A0F9ABDBA11B040204059B
:10C220004CC0DD9934D111E7F32EFFC90215D1A31B
:10C23000FCE009CD1E130E0B5011F30E7DD5081135
:10C24000E4F8A1B429DCCFFA0023512AF1540FDA23
:10C25000EC0BF102E2F781F1ECE8FF01D1F8F6D73F
:10C26000E5200FFBD7E50B04A20FBAF6DF8132FF02
:10C270002899E3FD150C280DAB022FFFA3C8E4A6F7
:10C280001EEC0024351B330117FACD0DE93EAEEC50
:10C29000F4BBF7C808E2F6D105DDCE45F015F5C2CE
:10C2A0008D3901011FBBEEEBCE1E337A00470DE046
:10C2B0006AE805310213CE060CFF321310012E334B
:10C2C0005909212619287FC3B5E8B56B1A2F1247E3
:10C2D000B730FC5D763818BA25F97F6F385A31448B
:10C2E000ED37FBF8550EC7236EF86A0600DC1B0D10
:10C2F00009F5FEDEFFE806FB2313170B45E8041BD8
:10C30000DEFD8C0DADE414FDF9E63144075522FB4A
:10C310006E0053EC5C0AFA4BF4BD42FDDA2414E7DC
:10C320006D15FF2D01DD33EEECE01204FD223ACD58
:10C33000FA080BFFC51708FF1B080BDE08EFE9FC26
:10C3400013F59D1D08F0030F17D132F2E21CCA3E0F
:10C35000FB02FF11CAC3C63EF0FA2CF0EEF6E5F57B
:10C36000D4ED00F326DDF8EE101500B71EDED7E899
:10C37000F01A25EDBFDC04F2C924FEB1EF207FE402
:10C38000AEE3FF0402E2E7E529F1C00EEC0E043152
:10C39000FFE3F90D490DE001D033F8B439FB12C8C1
:10C3A000BCC3F82C99F6BD217F072109FE731F3D00
:10C3B000551A7FE3104507133511001D051A22DFBA
:10C3C000ED201AFDE62C35123AD5E044E2DC145D8E
:10C3D00048FE07E8B613E9F72E8BFF35EE1A3D3617
:10C3E00016FAE6EBFB3429041A2FEF12FA102AD8BA
:10C3F000F1040602EC0DEEFE0A07C911FEE3FB0391
:10C40000B718DE0583091ACDD7F4DE22050E1ED932
:10C41000B20B41E1ED191F41E9055DE7BCDACAF94C
:10C42000FCF2BD13F80C0BFCFBF9EF810E04F50FC9
:10C430008AFA1115ED192BEE32F3000A437FE3E17E
:10C4400011D69434E4F806DB2808EE55D25D1CFEC4
:10C4500005FD18D56B07FD14E9FF131F11E1221824
:10C46000F62719F20611FC001D3AF178EB3711029C
:10C47000250618FFFEFCEDB57F1000E3DDFFF0E2BE
:10C48000E2FFFEFE011207F2DE0001F1087DEAED97
:10C4900030391704E1F042122AEEF62F3B25011045
:10C4A000E71F08923633E83036D0DFE61821AAF8C5
:10C4B0000A1D0003F308F801FC1104D906FFFE066B
:10C4C000432932322F47041F5F405BC00DADF21588
:10C4D0000B26EE7F90B5E0552AF10808423BA415E3
:10C4E0000334271A5F4C07F60331E0392D1E96D42A
:10C4F000060801FBF6FC06FE24F2F83D0DDC2003E5
:10C5000022142AFD16FBF6E1EA05E9D92BF700E82B
:10C510001CFBA80B1FD8C62EE51BFFD80E2407480E
:10C52000DFFFF8F50BB3FE0201DAF914EBFC0A01A8
:10C53000F7F412581D2CE4E338021221D219EF0C43
:10C54000FF04ED31080628E207D8F302F2DCF90E09
:10C55000F7F8F2DFFA05F4E408100106EA1BF31F0E
:10C56000FBF3FDEA0B780C04000D29E2EB22033902
:10C5700012F5F80C0C010C06E41AFCEBF6FD011B9D
:10C580000FFE1CF5FC02FA03300D17FEFF05030B2E
:10C59000071AF614D941020BDAE70DEC41FA13DE63
:10C5A000EB29CB18EEFE0E3D5A191410DC18EB02E5
:10C5B0001007F212FB0E03F903FCFE06811216FAB5
:10C5C000251018FCF8253C18F12585261A3104158C
:10C5D00095EE0E181820ECFDC8ECF44CF718B84393
:10C5E0001B3FFB0AD00C0E7F2A460962A13505D1FC
:10C5F0001109070CF9540405FBF809431CF204E87F
:10C6000054E0F1F0CEDD12F4A9110AF8BD080EC312
:10C61000090DCBCA08B5DBE1143105FD38EECD4C70
:10C62000D3FBE2EDE10797FCDFFC1D05F5D722E81F
:10C63000E7551AEF13B11BF5F3F215090A6663D536
:10C64000FB181B17F62DC8F6D3D3F817D77F009722
:10C65000EE0903EAE9E108E71D2B10EC22E9D95DB8
:10C66000FC1DF7E7300DF9FEFFF0DAFA1BEFE102EF
:10C670002224F807051CFC0A040EFDE024B514F082
:10C6800004230CFD06E90900F61210FF097F0908D2
:10C690007F181509F3E034571AFB02ED00FF11EB88
:10C6A00002DAFF81E7C7C8EBE53D0E1624351024FA
:10C6B000FB1102E6F5FF03000BF3F6F0F303DFFDD9
:10C6C000F601040F4636187159204B101C2FD9174C
:10C6D0006315531E0AE43600E44E1F07F5E821A552
:10C6E00024DE0B25752629123F1638CF1A5032BD8D
:10C6F0001300FD07F3F7F00901FD3AFCFFF40D0DFF
:10C7000081000D0CB3FF991AB71FEC38EDF0211919
:10C710002000DAFDD31A48E1EFEFD97F030207E6E4
:10C72000F200EF05F61BE0FE002C03F4FF0CDAD05C
:10C730005076FF2CD5C8F4042BC8187BD0015C20A0
:10C74000E3FDFEE95C22FB04AB12C2FE02A92AE56E
:10C750002108FF0AB5E920FECA1A7FEE034BE2EA80
:10C7600005F6C8FDFFCBE4164001F90C0216F97F6F
:10C770000B12FF04EE0EF706F3FFFA041F0C1CF475
:10C780001912FEFCF3F10708EBFAF734022129072E
:10C7900016222112FD00F4F21409EBEAF4F6E54545
:10C7A00000F30F20E0292E20F8DDE71FF1BF030181
:10C7B00005FA051325D700060517FB0105E1060C50
:10C7C000EA1A7F6AF1291237290C0646202E57D320
:10C7D00030F80708994B1E0E204F06D006243F372D
:10C7E000A0E7F1238EB4151735E52D18B5FE4C0DD5
:10C7F000161812FDFBF10610F3EE000E083BFA7F4F
:10C80000C2C9EAEBC8CC3DDDBBB58F1C4231CEF5C9
:10C810000632D7E9C7E209E1EE02BED5B4E8603AD4
:10C820002BF0D6BD9DFF1DC79808E531ECFD241205
:10C830002204EFFB03061513ED06F6BAB31AEEF960
:10C84000FB0F38F33A04FCECEFEF260BF2DAD104DD
:10C850000005E8BFA4FCF1F0E22635F6BDD1F9DA17
:10C8600008FD01D8012014EC1BC7F104F2110206E7
:10C87000E1DE0E20130CAEF43CFD01474835F1DE3D
:10C880000EFD160B020A05F3201E07F61E56FD0DBF
:10C890008127F9EF09ED4AD3BCF80AD9E429E3F17D
:10C8A0001455CD0AFA1A0BF32927F74CE62414176E
:10C8B000CA11E2EEE5DB0107D1F7D2E70D4B7BE4CD
:10C8C000F8ED09EACBD40BF06618E5912D2C26D8AB
:10C8D000070229F50218FB032201FE0C47EAF310B8
:10C8E0001901F43308E7F30FF3010AE4F8B467160B
:10C8F00030ED08E30214F8A3F51211222810720497
:10C90000FBEB00ED03FBE0E71CF516D0FDD5E8E4FA
:10C9100005F1F60E2EDEB8C2E2C10B0830FCC5B838
:10C92000EAF5F7FFDAF9C20AB1EE0C0524EDF5F3EA
:10C93000E505CBE1F7F700E4F2D0EAD32DF507B82F
:10C940002FFA0105EA000D252B1E09F2F9FEFB1650
:10C95000EB140D191AEFE4EF81E2E0DD305A1A2FE3
:10C960000EFEBC03F2F40A0801E2CCFD0BFAFAEA6F
:10C97000DDF4F5D71759ECE015FB034DADE0046E7F
:10C98000DCF20B810B26E1E72E21130EF4FBFCC039
:10C990001D121AE00B07CFFF45F90733E902E0F358
:10C9A0000C143AF50C22031235E6D719F614EEF200
:10C9B000EED4C10424FFFD010F051AF30904FC0F96
:10C9C0001E0855D7F0FEF00916F9C5E5FCF1100870
:10C9D000080A2503164B0FFF02130EFFD80CFD04A7
:10C9E0002B06A67E04E0FD0881C40701E9E91E5379
:10C9F0005A45E944FC081CFE0C8114D80EE90AD003
:10CA000006DF76D9A8CCE1AE81EAAB02D4074FDBD2
:10CA1000DF21D8208105EEE3F0E81BFC0CE8EA0EEC
:10CA2000E2F612F2D10E98E08BED3A03813615A3AF
:10CA3000D1E2EA2DF004E2CE05CFD13218F4EDBEFA
:10CA4000690D0F2A54F27F101A0AFD1D081AD92207
:10CA5000DAF8E4ABBFC001D9AD571F0D19DD081ED0
:10CA600002C2C80714F54106060D2D141C81CEFB29
:10CA70009BF522EAD0F6402DD7162ACB0E284CDFA4
:10CA8000F6031BF713081C05DC091F34F43113EC03
:10CA9000BB11F30406F2E1F1E9C5F8210D1FFDC059
:10CAA000DF00323D50FA69814BF2521305EB19D287
:10CAB0000902D316EE0800D9DAF8FE0205FD25F6C4
:10CAC000041E12E7D3F98104CE0B20D6EBAAF21490
:10CAD00005F917FB051B217F1BF407DB1215381521
:10CAE0000FE50E111BEA13FB18D902EAC7D7BD12D6
:10CAF000031B041EE9C810052EC2E4F4F9FE1C5005
:10CB0000F3F2F0BC0FCDDCF6D4F6FAC30DDFFAF980
:10CB100060EA0AB54313BB07CDDA25BA2AFEE3075C
:10CB2000ADF50DEEB2F205F5E839ADE40EFFF0DD3E
:10CB3000D5D5B5F2BFC9DC117F17F2B3F4ECD9C972
:10CB40000D152706CFE00A041DEF3A04021A25113D
:10CB500011BD14E9CB0DDAFFC265C9C42E1AD8C6BF
:10CB60000DE31AFBFFF700120A1E04F705E10D039F
:10CB700003053F22FF91361081E5FE1BF6D6FD30FE
:10CB8000C905180D4C050BF90F050C29121E3A0AA0
:10CB90001FF1EC05101DFB0110FAFDEEE1FD59013E
:10CBA000A7EE25ED343826EE2806D4E3F2D00C4467
:10CBB00023E5C02B2CDBFC19FDD487CA1C7FF82F82
:10CBC000171712F0FBACF51EF9E6484DFE4B1BF4AF
:10CBD000FE1C3BF70FF72E01D901030905F4E22BE8
:10CBE0003525F209D3190204002F00F7D5D8BAFE73
:10CBF000FE1D1104FEB7DAEBCE020323FF0CE0EBBF
:10CC00000526E406FD28E4EB1D1AF334BF31E702E4
:10CC1000E42CE01BF317DB05F8070128FD2D2F227C
:10CC200001F201BB1AE805A5FAE425A1DC91AEF0FA
:10CC3000FEDCCF1B0AF7D209E7E30DCDBA000EE9FF
:10CC4000020CF8300504EEF5100AF2F820362DF843
:10CC50003F0D21D734DAF1111F164B17F0152316AB
:10CC60001DF7030C1520FDFF81FF211EDF180301B6
:10CC7000F7F2BB320DD608E708F10AF44E34234B25
:10CC8000192C4828EEEDEDF7CCFBFA411AD72FDF2F
:10CC9000E6ED072BFCEA101523240DEE05D9260539
:10CCA000161D0C0BDDDF1012D907EED4FBF60FF6C4
:10CCB000812925E4F41657D715FEFCF468240BD51A
:10CCC000ADF2D71DC1EBBFE92DF7CE1F1D6B66126C
:10CCD0001EEFEF2CDCF7EFD84F1CF8EAE4F224113A
:10CCE00041FF311E16FED8E622FFF7141038F1E896
:10CCF000383877DC00E8DC18671FE2302766CED9C9
:10CD0000EE0B0CFC1409F817250E0A81370BF1FB0A
:10CD1000DDF662E6034ADEE6F7E13479A310DF8749
:10CD200006E953F203E8E2FA81B2E614F222023590
:10CD3000FFDD16F714C90121F6FAF40DD0E307FC64
:10CD40000BF3FD4DFC2BF1F1F5EC1807F60A051A73
:10CD5000F31D051117FF32050BED07291708F01415
:10CD6000EFFAAA0A350D080AEEF4E708F411FBF110
:10CD7000CEF61FD8ED55009732DE4108D4F2E3A17C
:10CD8000F9F1FD03ECFEF612813715D20609E1E256
:10CD9000000809FBFFEEF1FFFDF4FFF8EBE5FC09ED
:10CDA000260FFE40F1FF1ADEE417FBB2200002ABB3
:10CDB0003711F30E2D0F270025060FFF160B24E663
:10CDC000EC092711215FF5F30AEDEF7F20F10294C2
:10CDD000E509C9FA04101FFCFAE103EBF2E00F05C4
:10CDE000EEF1350DF648FDFE0A310DEBECFF05EDD9
:10CDF00000EBF012ED59CC0D0B280D855D25387434
:10CE000029FFFA1D201D36B702EDE111EAE4D2CC6C
:10CE1000B92734734CCDC3D3F4F1787F11F42730A4
:10CE2000F83EEFE30FCAE708111502F033020F0ACC
:10CE3000BBDDE20EF7EEE381FD0F1917FDF0EAF618
:10CE4000F20313050EEE26EE0EF91503DF27F0E6CA
:10CE500048281DFF3C09F91C7FEA03080602D00997
:10CE6000FC0CDD1B2D18FD16300F0AF8044C17E6DC
:10CE700025653301A9DDF558ED1926BED8707F1E52
:10CE8000FDFA04644A34EF10F0F3D3FCC052C8D862
:10CE90000AEEF30D04160702FBBFF806E28100FA62
:10CEA0000FEB0B55561C0FEB0213FB0A0FE3DAF4E2
:10CEB0003CE613AFFAF91B29E1F413F1C1294A0248
:10CEC00039344B2109B4623FDDFA1511CB26635A80
:10CED000F8F902FFE9FD0BF4BF050FF1CF81FBD894
:10CEE000E71A1624E70E34022EF8F300E22DFEC5F1
:10CEF0007D4331DD681E64050CE681DC1531DBED18
:10CF000002E51AF3022D0903490FC2D90499E24040
:10CF1000EAF3B105E9031AF740E1F9EEFB43EDF25C
:10CF200001A7D80EED41E8050CEA03EEF1E5B00EDD
:10CF3000FCF1D5F1E61E04160808F7FE0404F8C457
:10CF40002C7F1D15DBF2F707FA01070BD90130061C
:10CF50003E0832FC332C30141601E22CEF09FAE9BA
:10CF6000E60FF123060CF8FB022BE7BDF5AC084CED
:10CF7000FB2E4A551D062DCD1CBCF70504D8025DBD
:10CF8000FDF6F6261DDD06F16B035FBB026109F2BB
:10CF9000E42D0002FD1B0CF4FCE502F702CEF6FBCB
:10CFA00027ECF8021CEBCE057FDC40F1F84F1AFEAF
:10CFB000B9001F1AEFE8B1EFEED1F449E2083112DF
:10CFC0002F14FE29CF4B37E9CCAB5A08EF16E95E98
:10CFD000D804FC09BAF50A02EFF2CFCDF8E50E0944
:10CFE000F721150E44E8F60102FCFBF9F3047FFC7F
:10CFF0003DE57941DD05E701102C210FE2D1EF611C
:10D00000EA0F0720B5F10DDB25E5A0BB0312D6031F
:10D0100016282A28F512F0FDE72E55240A37EC1AB7
:10D02000E4D9022EE6040BDF220AD0F804F6F80059
:10D03000083787D81613FFF9E8D61EFBF40D14271E
:10D04000DFE6D6EAFA02F8F62BFBE6EFC8FC0702A9
:10D05000141919CB10FED533EB35EB440109DB1461
:10D06000EFF8D9E403FBF77FE2FE602EC3D7F8F5B3
:10D07000EAE7BA0C4AFD111907FBEEFF043818D491
:10D08000EEF88112D3F405F70BF1F70EEDF6041C60
:10D09000160AFA0A1EE60734040FC1683CBD3AE9D5
:10D0A000FD0D011BFE0A0609EFF7F629F9EB16EA5A
:10D0B0000A13E2FEE915F321F9607F3EFD1DEEE75C
:10D0C00001181311FDF702FDFA08F6020AF3FD0A32
:10D0D00006FF01F2F728E4F7E9DFF9F0FCF00215AA
:10D0E000E80315ED0DF121C30208C7DDF105C710F6
:10D0F000D2CBDD27CE22CEAA02A2EABDBFC0F9CB99
:10D10000D4F116E4F9D6F80EF7F1DEF92006CC14C6
:10D11000FFEC076706BA220212F842EECF04260A95
:10D1200022EACFC8F7450107F7E6F5F52FFECFEB6A
:10D13000090BF4CFE4E72004E311FDEF31FB041EFB
:10D1400042124BEF04E8FD1CF21ED70FF7E2F91470
:10D15000FD91D3D3FA16E8B9D9F9210AEF02143EAA
:10D160001ED34F260300F524F7010D221E0A12FFDD
:10D170003A02BD290309DC1A1F2720E703F9EAFD5B
:10D180001FEEFBD40027CCFBF8110C00FE06FCEFD1
:10D1900017DF59EDF0EA0DD7FF19004F1B2C490995
:10D1A000000ED2F60C39021813097FF0F6130108AD
:10D1B000FB020F000722090707092DF0EC1505FCFB
:10D1C0003E11F603FD21FC120C02ECFDF610F6FFF9
:10D1D0002C03F50BF0F2170CF6D8060BFC05291AF8
:10D1E00003128F08E5040CE8EDF22AE2020CF9D1F3
:10D1F00020231EDD1EF1ECDEDEC81CB916E11DCDBC
:10D20000210023150CF6FDF901EECCEC05F502A486
:10D210000FE8F70D3B55DFFEFB3814D8F4CE472955
:10D220000AFD1381F2EA2503EBCCF1051CE858FB5B
:10D230001AEA0504D81B20EDE4D41ADFF021177F89
:10D24000EF09F801F9813CF8DFE2EEDBFC03CC26C4
:10D25000CC1CEC9318BEDDF7E1A511D3052A293BC0
:10D26000F9EC094FF2E511EE1FF6F2D2F912A61D04
:10D27000081DF1FB7F1AF3F60501271B44F7FE0397
:10D280001AF810F613EC0CFFFDE51B0509FFEB1671
:10D29000FE2127B8FB7FFED5E30F311190FA08DCA1
:10D2A000EF06FB13611C18040C5607000801F3017C
:10D2B000F4080CF320FF0A0B1F192BE919F23B327B
:10D2C000F4F902F86115FCF5FF7F030931F7050554
:10D2D00005E7FE05E9022410F9287F0306F4F807A4
:10D2E00006DAF41E18E5B111121F8106EFECDBD748
:10D2F0000006FE2D4D4FD5FCE23CE3040556991C7B
:10D30000EEE8CC4D2EDFD581E7F30CF9040BD718EE
:10D31000065B5A1B09697F3E3D53F71E28FAFBF155
:10D3200013D7F1E6DAEFEBCE11FE22150314F9075D
:10D33000E6F913171B290F1FF52F0A11F8F701ED56
:10D340003E05F3DAFBFA57ABF121F307F006E40EE2
:10D35000DC01CA819BF2B7CA2BEBF5E20D0DFDEBA8
:10D36000E6DBFDFF08FC0FF2B6DA09F1FECDF7EEC1
:10D37000DDE7FDDA080C080F091AF4BEFFFD1DED0C
:10D38000EBEFD0FDF32DE901F922FFED18F505FBD8
:10D3900018124201081E3BF67FE7F3F51FE002106A
:10D3A00009243EBC060415270F0F07E9F91A1AF3E2
:10D3B000496F22040B192F040C300220F103FAF5F7
:10D3C00000043D18040B25E3030300F501FA00F601
:10D3D00024151000F8F909070C1A13080619CD17BF
:10D3E0005803B9ACAFF0AC1F20B305201AFD2012D2
:10D3F000B0F0E6B7F302FFFB7F0FD5C4EAD2E61820
:10D40000E3D19B1822F521F00D1CFDF30E9C1DF0BD
:10D410001603F1401BEDE025F91F0E36E5212AF039
:10D42000F4F4BBED7F1501FFFDF409F5E31E140EC6
:10D430002E09015BF3FC082AEE081B50F41D7FD275
:10D44000D4FDEC0DFCF60F4704200F2F10251E0411
:10D45000D60E217FF8FBEFF90E12180EE8180B0814
:10D46000D9F9FC1901F50E341F07232C06FF4302DE
:10D47000FB001535F7E4010D0EFBD1FF9700050FFA
:10D48000EF15F80415E9FBF9F2A981F1FA1DFFF98E
:10D490001DFF00D8223FF8F51540EDCAF13FECD052
:10D4A000ED0D0A7FFB1FF80713E201F4EEFE220FD9
:10D4B000F7FC0CF62716E740F8E1CD0C69E91A00F5
:10D4C000C47F3116C81901E2F7F9041124B3F5FE3F
:10D4D000EA107F16B62AE502F2E4FEFEF9CA20F051
:10D4E000FC86CC1421121CF105031542E829E90D34
:10D4F000FA0664F9280BE8EB0B0CFBF5050B08EEBC
:10D50000EB100981FD20FD37FFFCE239EEF4E5FC6C
:10D51000C9FD7FF9160C36160E1F0B1E06E82411E6
:10D5200004F4F414080F0C22030702F6000900F7B4
:10D5300062E72EF5E2EA121DFBF605F2FE055FFE3C
:10D540000414FCEBEDD11F04000E090506050213BF
:10D55000F214E0171412FA1C081DFD0AE5FBE30F94
:10D56000FB01FEF512EAF419FAFBEDE90622110BB4
:10D5700016D00F11FA1016EDFC3BDC1EFEE2020A7B
:10D5800012F2FF08EC54EEF6F81E90D90113E2CB2C
:10D59000ACFE21D9C64224F31B034A11362F1511C4
:10D5A000FEE8074010D50F10080F1AF300F1F6F946
:10D5B000F9103408F104D8001407070FEC221616EE
:10D5C000E4DEF3F70C125510031EEF08F2201D21C4
:10D5D000ECF9E5F50E1FF013130218F8111DF0CC4D
:10D5E00005DB0DFD0ADC8597043CF9F806E615F627
:10D5F0000C030A7F17F2010F0600FDEEE8F9FF2188
:10D60000E8F5F5D0E1FE14EEE7FD020501FAD6D209
:10D61000050A01FD25FF140EFA4526E8E20D260154
:10D6200021E10207FF14FD00EC1603020708050ABA
:10D63000F5FA122DFFD6390DEC5B1C06F3F8EBF46E
:10D64000F80701F7F222D5FEDE21810701020A1157
:10D65000FAFAE83B1109FBFB0554F3FBF4ECA60EC8
:10D66000191D0CF0FB120FE6F32C81F9F7F51F2EB4
:10D67000FAF3F40C17AFFDECF6F4FDFDF5FCFAF24D
:10D68000EF0107F6F7F5040A0D1D13F7A91FF9CDF1
:10D6900002D62D222E344B17D41A0B05DAC85B2C78
:10D6A000F306D307D32B0A1500020C06E9FDCDF0D3
:10D6B000D208FE900F402210173E1C02F1137FFB90
:10D6C000EFE002FF034D2E15E007E41C1DCC0523FF
:10D6D000BB2EF8FF1E06D80C25FF19F1FB11FAEB43
:10D6E0002221ED0AEC21E9EA05F705FC0930DF0DFE
:10D6F000EE070501E8ED090103F0F209FCF70F065A
:10D70000D216CEE806F013EDDEBD18F6F4C9EE240D
:10D71000D73A49E506FA2F0C2005F9A7F4C91108F4
:10D7200029F759061B5B39FBE071FDECEFFC0E0994
:10D73000DA595511F1FA440BEF300FE300D7EF152A
:10D740000A211202E90C0B041C0301F0FE06180169
:10D75000DA1F6CE9EE0B21F6E310FF08FBFA0A0072
:10D76000C9EB2836373C14DF04D2E1D7DFFE2AE3C9
:10D77000E1ED97F303B2A5FD81E3F409000014067F
:10D78000FEECCDD7F826AF1C0BE702F71AFBFFFB28
:10D7900031814346010524F1D0D70166057410F7A5
:10D7A000CE135A0524192AF4182A0BDBEFF4DD28CE
:10D7B000F0113FE42C4722EB4B1F06E8140734FA24
:10D7C00053DB48165D42FF0CCEED10E2F4EA17F190
:10D7D000BF122DFB2F2D14EAFC24F7EA16F5F2F206
:10D7E000ECEAF715BFFC1703A3F6F20BF081E0019A
:10D7F000051B310EFC0512FB02EE0108ED0FFD04C6
:10D800001D762EE5C1F2ED81F3E6D3FF1E1B081451
:10D81000FA7F5B39B50AE096D305F53FD4B3011919
:10D82000232B96C2F710BB04069EEEEDECFFEAA890
:10D8300010F72102F61516F8FFFCEFEF5011071351
:10D840000207472104050019E1100C0BF80C10EF3A
:10D8500003C41FFD170A0F45040FE81B1C320716EF
:10D86000F814DD150C410F11DE17D821FDF51EABA4
:10D87000BA18F7ECBACFE6B720CDC6F4F0B1E3148E
:10D8800015F7F70A0418DB061B2F06B5E008EE08AB
:10D89000F8FC81A0FA0EE8E61E82C8D4C0E303A219
:10D8A00021FC1EFAF0DE41180F1DACED1712C00D61
:10D8B00004EAF2D40808F70DF9B7D4C1EAEE06F38A
:10D8C000E8E40B400F070FE0E704E308239A1D0B81
:10D8D000FF860DE8302426F95912C1B00B7FFFDE18
:10D8E000092B0506DC11DFFD08E632221611ED2AB0
:10D8F00000C6DC0B4308F94218D32A0EC5ABE52756
:10D900000928D7260C0B2B1AFEC801E22010F919A2
:10D91000E4F7B9131031742E0510F3EE38003FF51B
:10D920002EF10CB4D210150E18F9E004FBF4FFE44C
:10D93000FB48B709FC25140A00F903F8F84BF9EF86
:10D9400010030B1AEA0F0205FAE910F0FEF8F501D0
:10D95000FCF51446F2110D020EF0180CE418F6F95D
:10D9600003EC220FE22CDD0C0F0E0BD2F0FAF914AF
:10D97000CFBBEAC7FEABEBDEE802AB0AF2BB4B1C47
:10D980000C44C0161E400B0EFEEF0D170A1BF325AC
:10D99000F5F80A8809F10F051606CDF8F8F2120E0F
:10D9A00074E7EB10EAF30ED9E0EDB81A090A153B5B
:10D9B000E22BC1CDFC01FF00FAA6F0FC09F6CBEA90
:10D9C000DDC9420F0ACCC9EB0D2C0116E8A9FAE11A
:10D9D000A51F04CA00FDD0FF09AC1617C0020BC773
:10D9E0001C2F06DD070FCA08E0EA37FC1C1AEE08F8
:10D9F000FDC01C15DFB8C5E6203BF22BF310300943
:10DA000010F222EFEDBAF5F7110E28E1FE29423FA0
:10DA100013C6F9EF26B7071DC71C12C2D945F9F185
:10DA20003BF8ECE4F3BBFA0ACDBEDEE6189FEBD57B
:10DA3000E9F6E996057FF224F009080609DE12EFFF
:10DA40000AFB03F5FC7F0F010BF404F201EA142436
:10DA500009030411EF07EC06310A06160DFA10143B
:10DA60005A36F2230A1AFB08240FD4D90C06213C9B
:10DA700011B321F181E41703B2C09A13E82CC3E675
:10DA800008F7F0120856AB09E9C745D9EA02EF3F9B
:10DA9000ED160F0406F6FD06D702E60AE5B1DDC86D
:10DAA00011ED8FF4D708E7E306AFE803002AB230A0
:10DAB00009FC1AE525E923010507FFFD0B174A0AB2
:10DAC0002308FDDA23C6312315A7A706A106E0D156
:10DAD000F22007B9154CE0F908E2FA31F1D647E532
:10DAE000F4FA1B31F887F8E92607F8F0F110443F03
:10DAF0002905DC55EADEFCFEDD11F107F209CE2234
:10DB0000FF1AEAE7232404182927E1F4DB521EED6B
:10DB100016F3F8F40CF6D1332FCBDBB8DC2028D881
:10DB2000E081D0E208C57BCFBDC1020AD715F90F4D
:10DB3000F5044B0E11F91E0C5109F908F41AEE0800
:10DB40000516DFF0F81837031BF50206F607FC0888
:10DB5000080AD1F905EA7FFFE9E7050C38D005F698
:10DB60009C3637F17F464A0106782AFE0D210BFAD2
:10DB70002E139419D0BED2EBD3E3E8DC03201213AA
:10DB8000EB6A2C271E2E3A53EB23EB7FDF3BEBFC9B
:10DB9000CC26FEE7F5B2ECD4B0C50618D22D080E9F
:10DBA000110BC4F3F5FECFF62FD4F946FEE8E67F5D
:10DBB000E3B4EAC6070429E54F81F6FBED18FC043F
:10DBC0000397D03525F1AF81C6F1FA9310D1F10B4F
:10DBD0004D022AEDE8F9F8DC0EFB0027021BF222C9
:10DBE0007FFCDB9FE7470721644DE4460930FB0DCE
:10DBF000D3F2303EF523C5F2207F04FA42BB05097B
:10DC0000020617FBFD68DA74E8D708DAF4C10017DA
:10DC1000D2D6D77F200CD30308F3C7FB1ACEE5E397
:10DC2000F52B5211F82CCEE602C62ADE2ED1FC01CD
:10DC30000112FC0A3FFC0545F9E40DC3F2F50807A3
:10DC40001DED06F9E8F713D500F3FCDE2F3DFBF1DF
:10DC500027F7F1E4D1360D02135255DC05E7FBF14D
:10DC6000150AE3F7FDDD35A8F513EE1FE2BED61A5F
:10DC7000030DFF49D91E06E515D34CC4D235FEDC91
:10DC80003EEB34060FED2EAB1FBA18AF019B1B0CF9
:10DC9000F2EFE3C4261913E7FCB9040AD7CD1BF54C
:10DCA000CE159ADCE50A0ACBE5D0ECE5EEDD1C07E3
:10DCB000F71381FB78EA23F100FEFBBE07EF000FAC
:10DCC000F9B93202D1EC085D5CBDBDCA0C5EE6FB61
:10DCD00015C6E5C512F8E2BC0BCF1C0E480BF2F3DB
:10DCE0003C2642DC1328E217E7FBC43786F03006F7
:10DCF000D81C7F7E100BED1BD77C54292F20166378
:10DD00004008261B0C0D142D10F9FE0C0125E9DA34
:10DD1000EEFCF5E90F2AEE2103691420F80F001735
:10DD20003BE1E1410503A902D30FF8FF14EA06F431
:10DD3000EE00CD2A0DAAD80211F3F4BED907ED10DA
:10DD4000F72EEA18E1F80F2A0CE7F30D0405F2EFBD
:10DD5000F31E00F615B11402FFC77F1D011F144EFC
:10DD60000BECD70BE5E6FFE0F2B919D9F01329E582
:10DD700003F4D3A4F2892B31159FBDE0EA27DAE53D
:10DD8000E72DB8E502F3FCE11F1FFCE714E6FB8971
:10DD900013342416E3B1052DDAC9ED28234C120DF6
:10DDA000F609F081EA00DBFEF0FCDE24E20C02FB67
:10DDB0001DFC2EE5E9251F14E6F0C00E1A07FE0A29
:10DDC0006BFA512712F1F01A2538BBFC19F0E90063
:10DDD0001728BFECEB260500F19FDFEB2123E203C0
:10DDE000FA4DD607F53CF50004E315200D69CFC9BF
:10DDF0003200047508F9FEFCD2E738081FF0EDFC8C
:10DE00002C15F51AED2446FE160A73D8F5ECFD1212
:10DE1000F413C6230B0EFBF20C3F0AFC07FAF7EDD6
:10DE2000F7C7F6EBB2F9C509128113CCFBF6ED7614
:10DE3000F1070DB3F200E9110C050E0C04297F1156
:10DE40001C040BDBFE11F9FEDFF2F9FE04151FEADC
:10DE5000E7FE00202F451FF7F9D6EF0159EB465991
:10DE6000F1CCF5380BE45812FD257F0115F5B6BD50
:10DE7000D9D509F5E4480528171C0C25045005E3FD
:10DE800000FB38041520E6E81FD0213206E2B0DCA2
:10DE90004BEAFBFCD8EA2E01BA4EEB11FBE8637F9C
:10DEA0000E08E9DCE7EB0015DFFDFEE5F0F1DFBA77
:10DEB00012F0FA1CB6FCF8FCE906E0F6E6081105DB
:10DEC000F303F4CDDFDBD5FFF9BF0F080503C9600D
:10DED00006E244A8C1D2100D07FDCCE1EB007F277C
:10DEE00006F4294A1D72D8B21937E31202160BED57
:10DEF000F3F5F8F20EF50309151427EBE15D395F30
:10DF000081F9347855244412DF5A05231B0FCDE4E0
:10DF1000F4163CE51A1E0A47F2FD0F4F29251FECA7
:10DF2000A3D5E9695555E1E10E0AE6E90BF0EB19D5
:10DF30001F0020150E081A19F120E615FA220BF51C
:10DF4000FEDC40142ADC810417130D121838FD087A
:10DF50001214230220F653F708F6F94EF512FD25A8
:10DF600079CBDFA1C286CD43D50220E402F7FA07C0
:10DF7000CAA17FCFD9D85F1D2F40291D36DFEE3BC8
:10DF8000BD81CAD8E5DDEF3A0F07EC17ECCC1208DB
:10DF900041F60576423C1F304F3C0204031515152F
:10DFA000F300ECD806D004FDF3F0F7F2DED9FDEB78
:10DFB000D5E3E32900CD03C507EAF61603DE061212
:10DFC00016BEE02978151F81B029060C261503F925
:10DFD000EF06FF0F2709F6F0D205FB3B316B000976
:10DFE0008812FBE42C45103881FFEF090416F12557
:10DFF0003817BB2DF3600C347843E3EB3AD2F6F8D4
:10E00000D100000091000000FA0000003400000080
:10E01000C500000063000000D8000000810000007F
:10E02000380000000002000000E2000000100000C4
:10E0300000E10000007F0000000B00000011000064
:10E04000001D000000110000000014000000B900D5
:10E05000000024000000190000008100000077008B
:10E060000000EB00000010000000070000000000AE
:10E07000000000E300000004000000810000001B1D
:10E0800000000038000000CF000000E7000000FCA6
:10E09000D400000081000000D3000000FA0000005E
:10E0A000460000000B0000000E00000015000000FC
:10E0B0000300000000F7000000620000000C0000F8
:10E0C00000F700000081000000FC000000FB0000E1
:10E0D00000E60000000600000000FC000000CA008E
:10E0E0000000160000003A00000081000000460019
:10E0F000000006000000F00000000C00000000FC22
:10E10000000000EF000000FB0000000D0000007F99
:10E1100000000006000000FD000000DB0000000F12
:10E120002000000053000000FD000000CC000000B3
:10E130007F0000002D000000230000000C00000004
:10E1400057000000003B000000300000000100000C
:10E150000028000000C60000008100000020000030
:10E160000097000000DB00000000960000005E0049
:10E1700000004D0000008C000000420000007F0005
:10E180000000D1000000D800000025000000002C95
:10E1900000000028000000FC000000B50000008125
:10E1A00000000002000000230000003F000000000B
:10E1B000CB000000BD00000020000000A400000013
:10E1C000CF00000029000000E10000007F000000F7
:10E1D0006D00000000D9000000310000000C0000BC
:10E1E00000050000000700000024000000420000BD
:10E1F0000081000000CD00000000F7000000910049
:10E200000000D9000000280000007F0000009900F5
:10E21000000005000000260000002B0000000000A8
:10E22000000000280000000D000000EE000000913A
:10E23000000000A80000000F00000081000000FDA9
:10E24000F1000000890000003C000000DA0000003E
:10E250007F0000000100000000000000F30000004B
:10E26000FE000000002E000000FA0000002B00005D
:10E27000002A0000005F000000F8000000A7000076
:10E280000081000000ED00000000260000000300F7
:10E2900000004000000047000000260000002C00A5
:10E2A0000000F60000007F000000E100000000FF19
:10E2B00000000036000000F5000000EE00000081C4
:10E2C0000000000B00000001000000EE0000000D47
:10E2D0005000000060000000E6000000EA000000BE
:10E2E00051000000EF00000001000000A10000004C
:10E2F00081000000000F0000001E0000007F0000F1
:10E3000000000000004600000022000000FB0000AA
:10E3100000D0000000D700000000F20000009E00C6
:10E32000000009000000F800000081000000DF008C
:10E33000000007000000FA000000F000000000F9F3
:10E340000000002D00000008000000FE0000007F1B
:10E35000000000000000000E00000006000000EFBA
:10E36000EA000000F2000000FE00000005000000CE
:10E370008100000049000000150000009E00000020
:10E38000E200000000F400000047000000F400007C
:10E39000000E0000007F000000F9000000300000C7
:10E3A00000F2000000040000000014000000110052
:10E3B00000001A0000003100000067000000160095
:10E3C0000000C800000081000000ED000000001106
:10E3D000000000F5000000BB0000001F000000EF7F
:10E3E0000000008100000012000000090000001A77
:10E3F000F70000002B00000029000000F5000000DD
:10E400003F0000005D00000084000000810000006B
:10E410001800000000F7000000F5000000F90000FF
:10E42000000B0000007F000000F1000000F400007D
:10E43000002A000000EA00000000DC000000CB0021
:10E4400000007F00000011000000AC000000D400BC
:10E4500000000D00000009000000EA00000000FDBF
:10E46000000000ED000000F9000000E50000001AC7
:10E4700000000002000000E0000000130000007F28
:10E4800012000000DC00000081000000100000000D
:10E49000EC000000DA000000E4000000F2000000E0
:10E4A0004600000000D0000000A5000000ED0000C4
:10E4B00000150000008500000081000000BB000086
:10E4C000005D0000008100000000FA000000BA00BA
:10E4D0000000020000003E00000081000000FA0081
:10E4E000000013000000EE0000000E00000000EA33
:10E4F0000000006A000000EB000000D8000000816E
:10E50000000000E2000000F60000009C000000EDAA
:10E510007F000000AD000000DF00000044000000AC
:10E52000B30000001E000000F2000000ED0000003B
:10E530000600000000010000007F000000FC000059
:10E5400000AF000000A8000000E7000000F9000094
:10E550000004000000EA000000001B000000CD00E5
:10E56000000018000000EB000000330000003B003A
:10E5700000000D0000007F000000E700000000DC4C
:10E5800000000081000000DC000000F5000000ED4C
:10E59000000000FD0000001A000000470000000815
:10E5A00002000000BA000000C9000000FE000000E8
:10E5B0008100000036000000E9000000CA000000F1
:10E5C00008000000000E000000350000000C0000F4
:10E5D000000E0000007F0000002100000006000087
:10E5E00000330000000C000000000E000000F000EE
:10E5F00000001F000000A5000000A600000045006C
:10E600000000DC00000081000000E40000000004C5
:10E610000000001400000008000000060000005286
:10E62000000000D4000000F8000000810000000994
:10E630000600000024000000000000003000000080
:10E640007F000000380000001200000025000000DC
:10E650000800000000D5000000780000000F000056
:10E6600000F200000081000000B600000009000078
:10E6700000A0000000EF000000007F0000005B0031
:10E6800000000B000000FC000000F5000000BD00D1
:10E69000000012000000F2000000FF000000001265
:10E6A0000000002900000028000000F100000081A7
:10E6B000000000EA000000040000001E000000024C
:10E6C0001400000044000000CA000000DC0000004C
:10E6D000F300000081000000F900000022000000AB
:10E6E000AE000000001700000086000000120000CD
:10E6F000007F00000081000000E300000017000020
:10E700000030000000B400000000EC0000008100B8
:10E710000000FF000000ED000000AC000000F6006B
:10E7200000000E0000000C0000000400000000F6D5
:10E73000000000D20000002B00000009000000963D
:10E740000000007F000000F4000000EB0000001457
:10E75000F0000000310000001C0000004300000039
:10E76000E0000000810000000E000000CD0000006D
:10E77000B000000000060000007F000000F700006D
:10E7800000B80000006A00000032000000DF000056
:10E790000015000000FD00000000310000008100B5
:10E7A000000007000000F3000000C70000000300A5
:10E7B0000000EE0000000500000013000000001043
:10E7C00000000014000000D8000000E20000007FFC
:10E7D00000000005000000F1000000E70000001547
:10E7E0000F000000C70000008100000010000000C2
:10E7F00015000000F1000000330000002F000000B1
:10E800002600000000B2000000810000000F0000A0
:10E8100000D3000000ED000000F20000000900003D
:10E820000017000000F700000000370000007F0024
:10E830000000E500000009000000D4000000F00026
:10E84000000002000000FF000000F500000000F7DB
:10E85000000000F500000019000000810000001910
:10E860000000002B000000DB000000060000001389
:10E8700000000000410000000F000000FC0000004C
:10E88000810000002B0000000900000007000000CC
:10E89000FB00000000D5000000070000001E000083
:10E8A00000250000007F0000000E00000031000085
:10E8B00000C4000000EC0000000011000000E000B7
:10E8C0000000FD0000000C000000810000000A00B4
:10E8D0000000100000003F0000000400000000EDF8
:10E8E000000000DF00000010000000150000007FA5
:10E8F000000000E100000026000000F90000000414
:10E90000F7000000FB000000F50000003C000000E4
:10E910007A0000006C00000087000000E7000000A3
:10E920008100000000C5000000BB0000004C00009A
:10E9300000E6000000810000002D000000DC000067
:10E9400000F5000000380000000006000000A300F1
:10E95000000093000000FC00000081000000CD00DA
:10E960000000FD000000AB0000009B00000000FD67
:10E970000000007F000000AE0000007D0000001AD3
:10E98000000000D80000003E0000008D0000001FC5
:10E99000F500000081000000CA000000CD0000006A
:10E9A0001C000000B6000000D90000003600000086
:10E9B000DE00000000C4000000C80000007F00006E
:10E9C0000083000000B900000079000000A20000F0
:10E9D00000890000004F00000000E9000000120064
:10E9E00000000B00000081000000FD000000FD00A1
:10E9F0000000C5000000F20000000E00000000C88A
:10EA00000000007F000000C9000000AE000000AE62
:10EA10000000009700000006000000EB0000001658
:10EA2000B40000001B000000020000008100000094
:10EA3000270000007F00000002000000C00000006E
:10EA40001B00000000D3000000B500000022000001
:10EA5000000B000000A200000075000000E60000AE
:10EA60000081000000B1000000005E0000001B00FB
:10EA700000007F000000780000007E0000007800A9
:10EA8000000011000000DD0000001200000000D3B3
:10EA900000000081000000FB000000A2000000B3A5
:10EAA0000000000E0000008900000004000000CCFF
:10EAB00010000000F6000000FF0000002F00000022
:10EAC00042000000E10000007F0000007400000030
:10EAD0001200000000F9000000E000000013000038
:10EAE00000EA0000008100000022000000F30000A6
:10EAF0000000000000F700000000A80000001F0058
:10EB00000000040000008D00000081000000D30020
:10EB10000000FD000000D7000000F400000000A08D
:10EB2000000000A4000000CA000000F90000004D31
:10EB3000000000C4000000270000007F000000EB80
:10EB4000070000000100000013000000E3000000C7
:10EB50007F0000001F000000E0000000D100000066
:10EB6000D400000000DA00000081000000CF0000A7
:10EB700000FD0000001500000002000000FD000084
:10EB8000002C000000060000000006000000FF004E
:10EB9000000003000000FE00000019000000020059
:10EBA0000000F50000007F000000000000000034BD
:10EBB000000000640000002A0000000B000000BB01
:10EBC0000000009F000000DF000000CD0000008179
:10EBD000EB00000081000000C0000000F000000019
:10EBE0001B0000001B000000DD00000030000000E2
:10EBF0000400000000620000007F0000001F000011
:10EC000000340000005500000061000000380000E2
:10EC1000002F0000001100000000F30000002100A0
:10EC200000001A000000410000001D000000EA0082
:10EC30000000E30000008100000090000000007F61
:10EC40000000004B000000390000002100000032ED
:10EC50000000002A000000CD000000210000005745
:10EC6000150000007F0000004D000000F3000000D0
:10EC7000060000003E000000F1000000050000005A
:10EC80003B00000000C100000099000000030000EC
:10EC900000F20000009D000000AE000000CC00006B
:10ECA0000081000000DA00000000E3000000EF0037
:10ECB000000030000000F0000000110000007F00A4
:10ECC000000012000000DD0000007300000000F4EE
:10ECD000000000920000005300000025000000D951
:10ECE000000000B8000000160000007F000000A136
:10ECF0002A0000001D0000009C0000000100000030
:10ED0000230000008100000017000000B000000098
:10ED1000F600000000100000007F0000002A000044
:10ED200000DE000000550000000F0000000B000096
:10ED300000180000000F0000000021000000C600C5
:10ED40000000060000000800000081000000300004
:10ED500000004F0000007E0000001C00000000BB0F
:10ED60000000007F0000004100000006000000E5F8
:10ED7000000000E20000001C00000005000000127E
:10ED800027000000C8000000980000000B000000F1
:10ED900081000000CA000000200000000600000002
:10EDA00011000000006A000000430000003C000069
:10EDB000000C0000008100000009000000FA0000C3
:10EDC00000FE000000ED00000000EA00000001006D
:10EDD0000000760000000C000000D70000007F005B
:10EDE0000000FC0000000B0000003100000000FFEC
:10EDF000000000E5000000F20000007F000000FDC0
:10EE0000000000B3000000F90000007200000032B2
:10EE10003900000025000000D70000007F0000003E
:10EE20006B000000DA0000003E000000120000004D
:10EE30002A000000001C0000007F0000002E0000DF
:10EE400000200000006900000038000000EF000012
:10EE500000E4000000FF00000000F6000000D00009
:10EE6000000010000000FB0000007F0000003700E1
:10EE700000000C000000FC000000FD000000002568
:10EE8000000000F800000019000000400000007FB2
:10EE9000000000D4000000FD000000760000002DFE
:10EEA000E300000005000000FE000000DB000000A1
:10EEB000DD00000054000000F300000060000000CE
:10EEC0007F00000000390000007F000000310000DA
:10EED00000F00000001B000000C4000000D500008E
:10EEE00000B20000009B000000007F000000220034
:10EEF0000000E1000000EA000000A90000001F007F
:10EF00000000DA000000F1000000FE0000000067D1
:10EF100000000058000000810000001400000057AD
:10EF2000000000970000001D000000F6000000A097
:10EF3000F3000000FD0000000A000000D700000000
:10EF40008100000005000000F9000000CE00000074
:10EF5000FD00000000E300000023000000FF0000AF
:10EF60000002000000130000002F000000FF00005E
:10EF7000007F0000002A000000002F000000520067
:10EF8000000026000000E70000006E0000002900DD
:10EF90000000A100000081000000DB00000000CFA5
:10EFA000000000510000002500000081000000CAA0
:10EFB000000000790000001C0000000E0000007D31
:10EFC00015000000F3000000B50000002F00000055
:10EFD000E700000070000000CF0000000400000007
:10EFE0007F0000000081000000EA00000022000015
:10EFF000001C00000022000000010000002B0000A7
:10F00000001B000000FC00000000140000007F0056
:10F01000000039000000FA000000FF000000D100ED
:10F020000000E800000014000000F900000000DB10
:10F030000000007F00000051000000E30000000B12
:10F0400000000071000000F40000001B000000013F
:10F05000CF0000009C000000940000007F00000032
:10F06000120000004000000012000000A10000009B
:10F07000EC00000000F9000000A6000000A5000060
:10F08000002F000000F40000008A000000170000BC
:10F09000007F000000320000000011000000D100DD
:10F0A000000003000000FC00000081000000E800F8
:10F0B00000001900000012000000100000000016FF
:10F0C000000000D1000000130000002C000000AC84
:10F0D00000000050000000AC00000081000000377C
:10F0E000B700000088000000A70000002300000017
:10F0F000E7000000D5000000520000007F00000083
:10F100002A00000000B6000000AD0000005800001A
:10F110000081000000D80000004F000000CC00007B
:10F1200000580000006C0000000010000000EA0021
:10F130000000E20000000000000081000000DA0092
:10F140000000CB00000085000000C600000000E8C1
:10F15000000000380000000D0000003E00000046E6
:10F160000000007F000000FB000000FC0000000A1F
:10F1700007000000020000001A000000F800000074
:10F18000D7000000E3000000CE0000008100000076
:10F19000E3000000007F00000030000000EB0000F2
:10F1A000002400000002000000F40000000A00003B
:10F1B000000B0000000A00000000FF000000AE008D
:10F1C0000000FB00000081000000400000004C0037
:10F1D0000000C10000004900000007000000000F0F
:10F1E0000000001F000000D6000000DC0000002628
:10F1F000000000FF000000F50000000F0000007F8D
:10F20000C200000086000000D50000007000000071
:10F210007F0000002900000011000000FE00000037
:10F220000E00000000C2000000A8000000E6000080
:10F2300000EC0000007F0000001A00000032000017
:10F24000004C00000034000000000A000000E9004B
:10F250000000FC0000000F000000E3000000BC0004
:10F2600000001000000009000000810000000009FB
:10F270000000000900000011000000D8000000811B
:10F28000000000F1000000FB000000D7000000FDBE
:10F2900081000000A700000096000000B5000000FB
:10F2A000BE000000B10000009C00000084000000CF
:10F2B0008700000000F8000000CD000000BF000043
:10F2C00000F40000008100000001000000E80000E0
:10F2D00000BC0000001E00000000F2000000E3007F
:10F2E00000000000000081000000D50000000200C6
:10F2F0000000B3000000E40000000A00000000C8A5
:10F30000000000810000009A0000009C000000FD49
:10F31000000000FF000000CF00000009000000F81E
:10F320000A000000EE00000010000000F8000000DD
:10F3300081000000F20000000300000098000000BF
:10F34000DC0000000019000000340000001E000076
:10F35000003B0000007500000062000000D70000C4
:10F360000081000000C100000000E2000000E40095
:10F370000000E6000000D80000007F00000003004D
:10F380000000040000000B000000F5000000003049
:10F390000000007F0000000A0000001C0000006C5C
:10F3A0000000002B0000001D0000002B00000037B3
:10F3B0005100000018000000810000002A00000039
:10F3C000F7000000C800000031000000FD00000050
:10F3D000CF0000000004000000F900000009000058
:10F3E00000190000007F00000006000000E6000099
:10F3F0000007000000F000000000DF000000AF0088
:10F400000000E8000000D500000081000000B90005
:10F410000000DC0000009D0000009E000000001DB8
:10F420000000007F000000750000000A0000007B63
:10F4300000000070000000F10000000F000000FF5D
:10F440000B000000FE00000013000000020000009E
:10F450002A0000007F00000004000000F30000000C
:10F460000200000000140000007F0000002F0000D8
:10F4700000F0000000FE000000FB000000FE0000A5
:10F4800000050000000300000000F3000000810000
:10F49000000003000000B8000000AC000000040001
:10F4A000000091000000D8000000F800000000C536
:10F4B000000000F80000001D00000081000000ECCA
:10F4C0000000001A000000DE000000F3000000153C
:10F4D0004700000048000000210000003500000047
:10F4E0007F00000017000000010000001000000075
:10F4F0000D00000000230000001E000000180000A6
:10F5000000280000007F0000002E00000013000013
:10F51000004E0000001500000000FF000000490040
:10F5200000007F00000034000000640000004F0075
:10F53000000023000000310000000D000000003832
:10F540000000007F0000004400000064000000454F
:10F55000000000F00000004D000000AB000000AC17
:10F560003B0000007F0000007400000078000000F5
:10F570007B0000001E00000023000000EE000000E1
:10F580003E00000000100000002800000003000002
:10F5900000E00000007F00000033000000D7000002
:10F5A000001E00000022000000007F000000540048
:10F5B000000008000000360000006D0000004B0055
:10F5C00000002B000000420000007500000000F168
:10F5D000000000C0000000C2000000910000008197
:10F5E000000000E9000000D80000001F000000CD6E
:10F5F0007F0000004A0000002900000045000000D4
:10F600003A0000004D000000600000004F000000C4
:10F610001B0000000009000000650000001A000047
:10F6200000F60000005700000041000000F8000054
:10F6300000320000007F000000005E0000007F003C
:10F640000000510000002F000000630000006E0069
:10F6500000000F000000250000004000000000FF37
:10F660000000002C0000007F000000FF000000FDF3
:10F670000000003A000000F8000000FA000000015D
:10F68000FB000000C9000000810000000200000033
:10F69000E20000009500000000000000EE00000005
:10F6A000E600000000810000008C000000970000D0
:10F6B00000EF0000002800000000000000770000BC
:10F6C000007E00000051000000006600000068009D
:10F6D00000004B000000650000007F0000005100AA
:10F6E00000002E000000160000001100000000774E
:10F6F00000000029000000760000007E0000006A83
:10F700000000007F00000041000000660000006A69
:10F710007F00000012000000FB00000075000000E8
:10F720007A000000E6000000FD0000006C00000010
:10F730003E00000000F6000000CE000000A7000020
:10F74000001A0000003E0000000900000020000038
:10F7500000150000007F000000004D000000570071
:10F760000000AE0000007F000000B3000000B40005
:10F770000000B1000000B8000000DF00000000D56C
:10F78000000000F5000000D7000000E2000000B615
:10F79000000000AF000000B400000081000000F194
:10F7A000D200000081000000C60000009D000000A3
:10F7B000DE0000001B000000900000002700000099
:10F7C0000400000000D30000000C00000032000024
:10F7D0000081000000C2000000F5000000C700002A
:10F7E00000060000001900000000440000007B003B
:10F7F000000054000000DF000000EA0000007F006D
:10F80000000009000000DE00000023000000009E50
:10F81000000000A4000000CA000000B60000008143
:10F82000000000AF000000A200000091000000C92D
:10F83000040000003F00000008000000C7000000B6
:10F8400081000000DC000000D10000009D000000ED
:10F85000D2000000005100000066000000550000CA
:10F860000049000000640000000E0000007F00005E
:10F87000000E0000004700000000390000007F007B
:10F88000000038000000F70000005D0000004300A9
:10F890000000EC0000003A0000002D00000000070E
:10F8A00000000003000000F9000000100000001B31
:10F8B000000000EF000000FC0000007F00000037A7
:10F8C0001000000033000000410000003E00000076
:10F8D0007F00000028000000080000001F0000005A
:10F8E00044000000008800000097000000B70000FE
:10F8F00000AF0000000B00000016000000450000F3
:10F90000007F0000005A00000000FE00000081009F
:10F910000000DE00000012000000CF000000AC007C
:10F9200000003300000013000000AE000000000CD7
:10F9300000000016000000E0000000610000006C04
:10F94000000000B5000000A200000081000000C916
:10F95000BE000000D0000000CC000000BE0000008F
:10F9600081000000AC000000EA000000CB000000B5
:10F970009400000000080000001D0000003E000090
:10F9800000300000005D0000005D0000004100004C
:10F99000003F0000007F000000007F0000003800F2
:10F9A00000004C000000710000006C0000002F00FF
:10F9B00000002D0000005100000031000000004652
:10F9C000000000760000005E00000011000000450D
:10F9D0000000007F000000F30000003B0000006D0D
:10F9E000F1000000F70000000B00000040000000E4
:10F9F000150000000F0000007F0000005D00000007
:10FA0000180000000019000000140000004300006E
:10FA10000005000000520000007F0000002E0000E2
:10FA200000500000000600000000290000002E0029
:10FA300000001C000000310000007F0000004200B8
:10FA400000002E000000660000003E00000000DF05
:10FA5000000000810000008F000000C0000000A82E
:10FA60000000008E00000012000000BC0000009F9B
:10FA7000BF000000A9000000CF00000099000000B6
:10FA800093000000BE00000081000000B8000000EC
:10FA9000C70000000003000000EC0000001100009F
:10FAA000001C000000E1000000AF000000DF0000CB
:10FAB00000BC0000008100000000230000004A009C
:10FAC000000017000000720000007F000000F60038
:10FAD00000003E000000320000000900000000DAD3
:10FAE0000000002400000015000000A10000001626
:10FAF00000000014000000D900000081000000E0B8
:10FB0000BF0000009D000000090000008A00000006
:10FB10007F00000013000000080000000E0000003D
:10FB200009000000002E0000007F0000001F000000
:10FB300000140000007D000000140000002A0000F6
:10FB400000080000000F0000000016000000810007
:10FB50000000D60000000C00000037000000E900A3
:10FB60000000F3000000F6000000050000000004A3
:10FB70000000005300000017000000FD0000007F9F
:10FB80000000000E000000240000003800000045C6
:10FB9000EB00000037000000E10000004A00000018
:10FBA0007F000000520000005D0000000200000025
:10FBB0002100000000E1000000BD000000DF0000A7
:10FBC00000B20000000900000089000000000000F1
:10FBD0000081000000BA000000001B00000055007A
:10FBE0000000170000000400000081000000270052
:10FBF00000001300000010000000080000000037A3
:10FC00000000007900000044000000EC00000081CA
:10FC1000000000F6000000F2000000F0000000F913
:10FC200000000000C40000000C0000000000000004
:10FC30007F000000FD000000F5000000F300000060
:10FC4000FB00000000180000007F00000011000011
:10FC500000F0000000D000000035000000040000AB
:10FC600000F00000004600000000160000004F00F9
:10FC70000000F400000081000000C8000000EF0058
:10FC800000002600000045000000D60000000081B2
:10FC9000000000E9000000F80000001B0000005A0E
:10FCA00000000013000000130000001E000000F719
:10FCB00031000000A8000000420000007F000000AA
:10FCC00023000000F7000000490000007B00000056
:10FCD000EB000000002000000001000000EB00002D
:10FCE000001800000081000000F3000000E80000A0
:10FCF00000EE000000D000000000CE0000002A004E
:10FD0000000013000000B80000007F000000270082
:10FD10000000E6000000F40000000B00000000F509
:10FD200000000081000000B90000000F000000A9E1
:10FD3000000000F2000000AD000000B90000000B60
:10FD40000E000000A8000000E5000000D200000046
:10FD5000BF000000070000002C0000007F00000032
:10FD60004A000000001F00000004000000F4000032
:10FD700000FE00000013000000430000002A000005
:10FD8000007F000000000000000058000000DA00C2
:10FD90000000E50000006A00000085000000BC00D3
:10FDA00000007F0000000800000091000000001823
:10FDB000000000190000001B000000020000007F8E
:10FDC000000000C30000001C000000330000001809
:10FDD000BE0000006600000031000000810000004D
:10FDE0003100000077000000B8000000DA000000D9
:10FDF0000800000000DB0000009D000000DF0000A4
:10FE00000081000000BE000000E5000000C5000009
:10FE1000005B000000EE00000000CA000000C80007
:10FE200000003A000000E000000050000000050063
:10FE300000007F0000006E000000C900000000F21A
:10FE4000000000D8000000D3000000E0000000C760
:10FE5000000000E600000038000000810000009D66
:10FE6000DA000000AB000000D9000000150000001F
:10FE70007F000000B8000000190000002A00000008
:10FE8000020000000005000000FD0000000000006E
:10FE90000028000000F800000004000000FC000042
:10FEA000007F000000E9000000002F000000AF000C
:10FEB00000002E000000A6000000210000001D0030
:10FEC000000081000000320000003C00000000FA49
:10FED000000000FF000000FC000000810000002680
:10FEE000000000FC000000110000001100000001F3
:10FEF000F50000001B00000017000000D900000002
:10FF0000EF000000EC000000AF00000081000000E6
:10FF1000A1000000008A0000008D0000003C0000ED
:10FF200000D1000000AB000000190000007F0000BD
:10FF300000500000004300000000ED0000000E0033
:10FF40000000FC0000000500000028000000000088
:10FF50000000D400000081000000D50000000081F6
:10FF60000000004D00000066000000ED0000008869
:10FF70000000005000000019000000B2000000D78F
:10FF80000000000000000000FA000000E500000092
:10FF90007F000000FB000000E6000000CA00000037
:10FFA000FB00000000C5000000A5000000C8000024
:10FFB000002C000000380000004F0000007F00000F
:10FFC00000540000003A0000000049000000010059
:10FFD0000000B70000001300000070000000810066
:10FFE0000000090000000E0000000800000000D61C
:10FFF000000000EE0000004A000000C400000016EF
:02000004703951
:10000000000000FB000000D10000007F0000003A6B
:10001000510000007F0000004F00000010000000B1
:10002000FC00000019000000C2000000A100000058
:10003000AF0000000033000000E1000000D200002B
:10004000002E0000001D0000000C0000007F0000DA
:10005000007C000000080000000081000000DF00BC
:100060000000010000008B000000170000000100EC
:10007000000087000000300000001F000000002387
:100080000000007F0000000D0000000600000011CD
:10009000000000E3000000EF000000DB000000F5BE
:1000A000120000007F0000002C000000E2000000B1
:1000B000E8000000C9000000F30000000600000096
:1000C000E60000000022000000AB000000B70000C6
:1000D000007F000000BD000000BA000000E2000048
:1000E00000CB000000F100000000740000007A0066
:1000F00000000F0000003F000000560000008100DB
:1001000000002800000081000000B000000000E3B3
:100110000000008100000003000000F800000088DB
:10012000000000E4000000290000004A0000002A4E
:10013000D70000000C0000007F000000F900000064
:10014000AD00000033000000F1000000E5000000F9
:10015000ED00000000FE000000FC000000E80000D0
:1001600000080000008100000004000000030000FF
:1001700000420000000400000000AC000000D900B4
:100180000000A4000000C30000009A000000D4009A
:100190000000C600000081000000BA000000000C52
:1001A000000000AA0000000B000000270000007FF4
:1001B0000000000D000000320000002F0000000DC4
:1001C000250000007F000000130000001300000065
:1001D00010000000F8000000EB0000001A00000012
:1001E000EE00000000F9000000EA0000001A000024
:1001F00000D500000078000000F50000001D0000A0
:10020000007F000000F500000000D00000000800A2
:100210000000F8000000DE00000081000000200067
:1002200000000600000087000000E800000000EC6D
:10023000000000D7000000D0000000E8000000AE81
:1002400000000003000000390000007F00000052A1
:10025000B6000000D00000003C000000CE0000000E
:10026000ED0000006900000005000000A60000008D
:100270007F0000000010000000F7000000FB0000FD
:10028000007F000000B00000000600000005000034
:1002900000FC0000000A000000001500000028001B
:1002A00000000C0000000F0000007F000000EA00CA
:1002B00000001A0000002D000000F8000000007F80
:1002C0000000004C00000021000000C200000013EC
:1002D000000000E1000000D30000007100000042B7
:1002E000940000009C000000CF000000C800000047
:1002F000C6000000EC000000E500000081000000E6
:10030000840000000011000000FD00000029000032
:1003100000F1000000270000007900000039000013
:10032000007F000000C300000000FF00000000008C
:100330000000FD000000F500000081000000F60054
:100340000000F5000000FF000000FC0000000005B8
:100350000000002000000006000000FE00000081F8
:100360000000000D000000F1000000D8000000FDBA
:10037000210000000E000000060000007F000000C9
:1003800043000000FF0000003E00000019000000D4
:100390000C000000009F00000067000000650000E6
:1003A0000081000000FE00000009000000D90000EC
:1003B000002E0000002300000000050000001E00C9
:1003C00000004900000000000000F20000007F0073
:1003D0000000F9000000E100000057000000001FCD
:1003E000000000EF00000051000000090000007F45
:1003F000000000380000001300000029000000E3A6
:10040000220000007F000000060000000100000044
:10041000F7000000DE00000000000000F400000013
:100420000C0000000041000000520000007F0000AE
:1004300000E7000000240000006D000000F4000050
:10044000002E000000090000000070000000E10024
:100450000000810000005800000022000000C700DA
:1004600000002100000048000000EE00000000CE67
:10047000000000AF00000000000000E400000021C8
:100480000000007F0000000E0000000000000022BD
:100490000500000009000000110000000A00000033
:1004A000F80000007F000000FF000000F4000000E2
:1004B000E5000000002F0000007F00000041000068
:1004C0000016000000D1000000040000000B000036
:1004D00000D6000000F500000000460000003B00D0
:1004E0000000400000006D0000007F0000003F00A1
:1004F000000047000000490000003400000000DB5D
:10050000000000B100000098000000CC0000008254
:10051000000000CE00000081000000D9000000D3E0
:10052000FF000000FA000000E10000001B000000D6
:100530001E000000C0000000440000007F0000001A
:100540003B00000000BE000000810000009F000092
:10055000008F000000E40000000E000000BF00005B
:1005600000F900000010000000001200000061000F
:1005700000007F000000430000007F0000006100D9
:1005800000006C000000120000003300000000FEBC
:100590000000001B00000015000000F70000007FB5
:1005A0000000003B00000013000000D5000000D553
:1005B000E80000001A0000000E00000030000000FB
:1005C0007F000000BC000000CB000000BA0000006B
:1005D000B500000000DE000000D8000000E90000C7
:1005E00000EF0000007F000000CE000000FE0000D1
:1005F0000012000000E100000000030000000A00FB
:1006000000002000000004000000F3000000810052
:10061000000004000000080000001B00000000CAE9
:10062000000000C2000000E4000000D800000081CB
:10063000000000D6000000DF000000C9000000D765
:10064000DA000000C5000000DE0000001D00000010
:10065000290000000F000000590000007F0000008A
:100660007500000000320000004D000000FF000097
:10067000002400000047000000A30000003100003B
:1006800000F10000008100000000E30000006B00AA
:1006900000004B000000A2000000350000007F00B9
:1006A0000000EE000000060000001C00000000003A
:1006B000000000E2000000090000001D00000081B1
:1006C000000000EF0000000B00000001000000111E
:1006D00002000000330000000E00000033000000A4
:1006E0007700000022000000290000007F000000C9
:1006F000240000000081000000C3000000D10000C1
:1007000000AA00000086000000D9000000DE000002
:10071000008C000000D6000000009C0000000200D9
:10072000000034000000C400000081000000180038
:1007300000000200000083000000F400000000320E
:100740000000000400000081000000FE0000006CBA
:100750000000009F0000002400000005000000963B
:100760007F00000028000000A800000075000000C5
:10077000D3000000DE000000FA0000009700000037
:10078000E2000000007F0000003D000000A7000024
:10079000005D000000E8000000CC00000010000038
:1007A00000C4000000D8000000002C000000FE0083
:1007B00000003B000000580000007F0000007B00AC
:1007C000000039000000190000002B00000000E4C8
:1007D000000000CE000000CC000000150000000565
:1007E00000000081000000F6000000F1000000D2CF
:1007F0000200000081000000FE000000090000006F
:10080000F5000000060000000400000004000000E5
:100810000300000000830000000D0000000C000039
:10082000008E000000C2000000CE000000B40000F6
:1008300000B10000008100000000390000003B0012
:1008400000007F00000007000000F20000001C0014
:10085000000001000000A40000009C00000000FF58
:1008600000000004000000090000001000000081EA
:10087000000000FB000000F000000000000000FC91
:1008800002000000100000005200000025000000DF
:100890007F000000580000005200000039000000F6
:1008A0003300000000FA000000FF000000ED00002F
:1008B00000FC000000D400000081000000F20000F5
:1008C00000F6000000C700000000810000009D004D
:1008D000000089000000C9000000C4000000C7003B
:1008E0000000060000000E000000FB00000000FCFD
:1008F0000000003D00000001000000DF0000007F5C
:1009000000000003000000B1000000B5000000D8A6
:10091000F9000000C2000000D6000000D90000006D
:1009200081000000A1000000EC0000006200000057
:100930001F00000000E9000000340000007F0000FC
:100940000008000000C9000000ED000000060000E3
:1009500000FD000000EC00000000B4000000810079
:100960000000B0000000F900000023000000240097
:100970000000000000000900000017000000000D4A
:10098000000000B2000000E8000000050000008147
:1009900000000000000000EB000000B5000000C7F0
:1009A0009D000000AF000000F60000008100000084
:1009B000C1000000F40000008C0000000D000000E9
:1009C000E300000000F0000000EE000000F700006F
:1009D000007C00000050000000D7000000760000FE
:1009E000007F00000002000000002D000000D40085
:1009F0000000B30000007F00000014000000AB0006
:100A0000000029000000E7000000BE000000001EFA
:100A100000000081000000A3000000F20000009A26
:100A20000000000A0000000100000093000000FC2C
:100A3000FF000000FE000000020000000C000000AB
:100A400081000000110000000A000000F600000014
:100A50000000000000CF00000021000000F60000B0
:100A600000C80000007F000000EE000000C600008B
:100A700000A8000000F200000000F6000000F600F0
:100A80000000E50000000B000000EC000000AB00DF
:100A9000000018000000A400000081000000001900
:100AA00000000022000000320000001B0000002DAA
:100AB0000000003E00000071000000620000007FA6
:100AC000F900000018000000F4000000D900000048
:100AD000D400000001000000E200000081000000DE
:100AE000D1000000001900000021000000430000B8
:100AF000005D000000320000007F000000440000A4
:100B000000740000007300000000E9000000D40041
:100B1000000025000000AB000000C1000000040040
:100B20000000BB00000081000000B700000000AE24
:100B30000000009000000081000000BC000000A741
:100B4000000000AF0000003C000000FD000000B904
:100B5000CE0000004300000013000000D20000009F
:100B60007F00000040000000C80000001D000000E1
:100B70000500000000290000006100000050000096
:100B800000290000007D0000004C0000000700006C
:100B900000720000007F000000006D0000001B00DC
:100BA00000007F00000017000000410000004E0020
:100BB0000000DB0000002F0000002C00000000619E
:100BC00000000025000000260000007F000000500B
:100BD000000000FB0000002900000040000000169B
:100BE00013000000380000001D0000002900000074
:100BF0007F0000002C0000002A00000027000000F9
:100C0000000000000000000000D40000000500000B
:100C100000FE0000007F00000049000000EF00001F
:100C2000004E0000000F000000000C000000120049
:100C3000000013000000F4000000200000007F000E
:100C400000000E000000000000000E00000000FE8A
:100C5000000000A8000000BD000000DE00000081D0
:100C6000000000A600000017000000CB000000C735
:100C7000C0000000B8000000F1000000C400000047
:100C800081000000A5000000FA00000099000000AB
:100C9000D900000000FA00000004000000F200008B
:100CA00000F70000002600000081000000FD0000A9
:100CB000000F000000E3000000000300000014002B
:100CC0000000FF0000001F000000160000001600DA
:100CD000000005000000810000002700000000D691
:100CE000000000540000007F000000A3000000325C
:100CF00000000056000000D40000000B000000358A
:100D0000E900000052000000FE0000001100000099
:100D10007F000000F30000003000000036000000FB
:100D20002E0000000010000000FA00000003000088
:100D300000140000007F0000000C000000FB000019
:100D400000080000000E0000000006000000810006
:100D5000000008000000150000002C0000001A0030
:100D600000000D000000150000001700000000F159
:100D700000000081000000FF0000000A000000EBFE
:100D8000000000B2000000D6000000BB000000EA36
:100D9000BC000000BB000000B700000081000000A4
:100DA00095000000CC000000B9000000A600000083
:100DB000D9000000009800000081000000860000BB
:100DC0000011000000D3000000CB0000003500003F
:100DD00000E90000001000000000F30000007F00A8
:100DE0000000750000004C0000009F000000C100E2
:100DF0000000FE000000A0000000D900000000CDAF
:100E0000000000D8000000E10000000B000000F826
:100E10000000008100000000000000C5000000ACE0
:100E2000FE000000FF000000FE000000FC000000CB
:100E300081000000430000002B0000007C00000047
:100E4000500000000032000000470000007F00005A
:100E500000230000001B000000430000000700000A
:100E600000C0000000F1000000007F00000043000F
:100E70000000EF000000C70000005B000000390028
:100E800000008B0000009D0000005600000000FCE8
:100E900000000001000000000000000600000081CA
:100EA00000000010000000010000000C000000FF26
:100EB000D80000009F00000084000000E300000054
:100EC000B800000081000000B200000083000000B4
:100ED000DB00000000FC00000028000000560000BD
:100EE000000F000000FC0000002F000000190000AF
:100EF00000470000007F00000000050000008100A6
:100F00000000C9000000400000002D000000960015
:100F100000003B0000005E000000D6000000001052
:100F20000000000F00000008000000310000007FFA
:100F30000000001100000002000000050000000594
:100F4000DE000000AD000000C8000000E500000069
:100F5000F700000081000000ED000000DD0000004F
:100F6000EE00000000E1000000AA0000000E0000FA
:100F70000004000000810000000E000000FA0000E4
:100F800000FA0000001E000000007F000000F800D2
:100F90000000910000002900000017000000B100CF
:100FA000000012000000F6000000DA00000000DE81
:100FB000000000E20000005D000000C9000000D455
:100FC0000000007F000000DB000000CB0000001DDF
:100FD0001D0000001F000000FE00000005000000D2
:100FE00034000000E7000000D30000008100000092
:100FF000BE000000000300000081000000FC0000B3
:10100000000100000027000000FC000000FD0000BF
:101010000017000000FE0000000013000000440064
:101020000000340000001D000000810000001800D6
:101030000000F9000000D800000004000000000BD0
:10104000000000EE000000DF000000F90000008159
:10105000000000C4000000F3000000B4000000FB2A
:10106000E3000000DB0000002C000000EF000000A7
:10107000C70000001E000000FC000000810000000E
:1010800002000000002B0000007F000000F90000BB
:10109000000B000000FF000000E60000000400005C
:1010A00000FF000000FE00000000AD0000008B000B
:1010B0000000E60000000900000029000000EC002C
:1010C0000000350000007F0000002E00000000320C
:1010D00000000051000000190000007F0000002007
:1010E000000000720000002A000000F70000003736
:1010F00049000000490000006D000000ED00000004
:101100008B00000027000000C000000081000000EC
:10111000C30000000045000000E300000081000063
:1011200000060000000B000000B5000000280000D1
:10113000001F000000CF000000002D0000006B0029
:101140000000FD000000320000007F000000BF0032
:101150000000EB0000009B000000B500000000B79D
:1011600000000041000000E4000000DF000000CCAF
:101170000000003A00000006000000350000007F7B
:10118000F80000000A000000F9000000F70000006D
:101190008100000004000000100000002900000091
:1011A0000900000000FF000000F9000000FA000044
:1011B00000F20000007F000000E9000000FC0000D9
:1011C00000F6000000FB00000000CB0000008100E2
:1011D0000000AA00000029000000280000005F00B5
:1011E00000001A0000001C00000032000000000691
:1011F00000000008000000FE000000020000007F68
:10120000000000020000000A00000006000000F9D3
:1012100081000000DB00000066000000B10000005B
:10122000F50000007800000092000000F8000000C7
:10123000780000000001000000CE00000000000067
:1012400000F000000052000000FE0000003000002E
:10125000007F000000FE000000004C0000007F0046
:101260000000280000005D00000052000000510056
:1012700000007E0000007400000055000000007AAD
:1012800000000058000000C90000007F000000813D
:10129000000000AC00000031000000F9000000E098
:1012A0007F0000009E00000065000000BB00000001
:1012B000D1000000480000000D00000047000000C1
:1012C0003D000000004B000000C4000000B800001A
:1012D00000DF0000007F000000930000002C0000F1
:1012E0000008000000BD000000001B00000000001E
:1012F0000000FD0000003900000081000000CE0069
:101300000000140000001E00000004000000002E79
:10131000000000F5000000DF0000006D000000A3E9
:10132000000000E2000000380000007F0000002400
:10133000D0000000B7000000AF000000AD000000CA
:10134000A200000091000000C20000008100000027
:10135000D900000000320000000400000039000045
:1013600000BF000000720000004800000081000083
:101370000083000000BB00000000CC00000027003C
:1013800000004C000000D4000000E00000002F002E
:10139000000081000000D6000000E500000000779A
:1013A000000000ED00000081000000F90000001FB7
:1013B000000000F5000000F90000000D0000001121
:1013C000F600000081000000CC0000009900000041
:1013D000BC00000008000000B70000001000000082
:1013E0000F000000000600000003000000030000E2
:1013F000000B00000081000000DB0000000900007D
:1014000000DF00000008000000001D0000004B008D
:1014100000002D000000010000007F0000003E00E1
:101420000000FF00000096000000E900000000013D
:10143000000000FD000000FF0000000D0000007F24
:10144000000000EC000000000000000000000007A9
:10145000450000003C000000040000000200000005
:10146000BC000000D6000000F20000008100000077
:10147000E300000000D6000000D6000000BF00001E
:101480000030000000CE00000071000000250000C8
:1014900000670000007F00000000CF000000110086
:1014A000000079000000D7000000530000007F001A
:1014B0000000CE000000010000005100000000F11B
:1014C0000000000F000000F7000000D80000007FBF
:1014D00000000011000000E4000000B2000000D392
:1014E000BD000000F00000003A00000024000000F1
:1014F0009E0000002E0000007F000000B6000000EB
:101500008B000000007F0000005B00000055000021
:10151000007100000048000000EC000000E700003F
:101520000054000000B100000000AD000000FF000A
:10153000000038000000D90000009E000000DF001D
:101540000000C9000000CC0000008100000000FD88
:10155000000000FB000000FD000000F10000008121
:1015600000000002000000F1000000F2000000F6A0
:10157000FA0000007F00000005000000EF000000FE
:10158000E7000000F6000000060000000200000076
:10159000FD00000000E9000000C7000000EA0000B4
:1015A000000800000081000000070000009D00000E
:1015B0000005000000450000000000000000FE00E3
:1015C000000000000000000000007F000000FA00A2
:1015D0000000FF00000001000000F900000000DE34
:1015E00000000064000000FB000000D9000000497A
:1015F000000000F3000000EA0000007F000000FC93
:10160000BB0000005A00000004000000B20000000F
:10161000810000002C000000DD00000091000000AF
:101620009200000000F40000000400000009000027
:1016300000CF000000080000000000000081000052
:1016400000E4000000F600000000010000000600B9
:101650000000FD0000000100000081000000F50016
:1016600000000200000001000000FD000000001C5E
:1016700000000042000000FF00000052000000C314
:101680000000005E0000004C0000007F0000000031
:10169000E0000000E0000000BF000000F4000000D7
:1016A000DB000000DA000000C40000008100000040
:1016B000A1000000002E000000260000002600000F
:1016C000007F0000002200000023000000F4000062
:1016D000000E00000025000000003C000000790022
:1016E0000000480000006800000043000000900077
:1016F00000002600000081000000A4000000004A55
:10170000000000670000004100000022000000818E
:101710000000004600000017000000D10000001982
:10172000AB000000F0000000FD00000081000000A0
:10173000EE00000002000000A0000000BC0000005D
:10174000FB00000000F3000000E20000001C0000AD
:1017500000F9000000810000002A000000060000DF
:1017600000F30000001E00000000F2000000FA007C
:101770000000F7000000D2000000EF000000FE00B3
:101780000000C500000081000000B5000000001846
:10179000000000AC00000015000000C60000008141
:1017A00000000016000000E00000001B000000F434
:1017B0007F000000640000007100000023000000B2
:1017C000F90000001C0000001700000000000000ED
:1017D0001F00000000DE00000081000000ED00009E
:1017E00000F4000000CA000000FE000000FC000041
:1017F000000D000000FC00000000C2000000DE0040
:101800000000ED000000AA000000D9000000C500A3
:1018100000008100000096000000E800000000E6E3
:10182000000000D90000008B00000011000000142F
:1018300000000081000000F6000000DC000000B79E
:10184000C1000000B3000000E8000000CA00000072
:101850008100000024000000B8000000C10000006A
:10186000C700000000AD000000EB000000CF00004A
:1018700000C800000083000000810000009100000B
:1018800000A0000000D400000000FC000000930055
:101890000000E60000002E000000810000002B0088
:1018A0000000F3000000D7000000F4000000000179
:1018B000000000FF000000FA000000E400000081CA
:1018C00000000007000000060000001100000008F2
:1018D00008000000A5000000D30000002400000064
:1018E0007F000000170000001A00000050000000F8
:1018F00039000000000500000008000000FB0000A7
:10190000000F0000007F00000001000000FE00004A
:1019100000F70000000200000000600000007700F7
:1019200000007100000011000000FF0000000E0028
:101930000000AA000000810000008E000000002AC4
:10194000000000A5000000810000004F00000079A9
:10195000000000920000000600000010000000BD22
:10196000330000001A0000007F0000005700000054
:1019700054000000240000000C00000011000000D2
:10198000EE00000000CE000000FC000000FD0000A2
:101990000081000000E200000014000000150000BB
:1019A000002F000000F100000000CA0000008500C8
:1019B0000000CB000000E9000000810000000800EA
:1019C000000020000000AF000000E600000000F36F
:1019D000000000EA000000FB000000F400000081AD
:1019E000000000F50000000B0000001600000012CF
:1019F0002E000000D8000000590000000000000088
:101A0000500000007F00000027000000760000006A
:101A10005F00000000F40000000C00000005000062
:101A200000640000007F00000001000000320000A0
:101A3000004F0000000000000000020000008100D4
:101A40000000E900000008000000EE000000F400C3
:101A50000000F7000000F8000000F800000000F1AE
:101A6000000000FF000000F70000000600000081F9
:101A700000000082000000F600000019000000AA2B
:101A8000DE000000D8000000D80000008100000047
:101A900066000000C8000000C60000008F000000C3
:101AA000D0000000006500000028000000370000A2
:101AB00000340000007F0000000D00000010000056
:101AC000006700000055000000004B0000005000BF
:101AD00000007F000000F5000000E3000000DB00D4
:101AE0000000EC000000D20000008900000000119E
:101AF000000000F600000044000000BF0000005C91
:101B00000000007F00000051000000550000000CA4
:101B1000F400000020000000610000000A00000046
:101B2000D80000007F000000DB000000E50000009E
:101B300004000000000E0000007F000000670000AD
:101B400000E8000000E50000001A000000FD0000B1
:101B500000E4000000120000000019000000E30093
:101B60000000ED0000006400000079000000BD00EE
:101B700000005D0000007F000000C400000000B213
:101B800000000081000000C7000000DA000000D261
:101B9000000000A1000000C4000000F0000000CC24
:101BA00050000000580000004A0000007F000000C4
:101BB0003200000032000000040000004B00000072
:101BC0007E00000000260000002E0000000700003C
:101BD00000280000000E000000A7000000330000F5
:101BE00000C000000081000000000E000000110095
:101BF0000000310000005D0000003E000000180001
:101C00000000360000007F000000570000000024A4
:101C10000000007C00000003000000F800000073DA
:101C2000000000C6000000180000007F000000FC5B
:101C3000E4000000F00000005D000000D80000009B
:101C4000C90000007F000000B9000000A3000000F0
:101C5000DD00000000A8000000BB000000B2000092
:101C600000D1000000CD00000081000000FD000058
:101C700000F4000000A70000000004000000E100E4
:101C800000001300000037000000D4000000040032
:101C900000007E0000007F0000001D00000000EC3E
:101CA0000000001D0000001D000000450000007F36
:101CB000000000F70000003C000000FD000000F400
:101CC000E5000000B0000000EF000000E1000000AF
:101CD0007F000000E8000000F9000000290000007B
:101CE000FF000000007F000000FE000000E900008F
:101CF0000012000000BE000000E4000000D400005C
:101D000000E1000000D1000000005C0000003C0089
:101D10000000740000005500000065000000710024
:101D200000004C0000007F00000027000000008140
:101D3000000000BB000000C9000000AF000000D39D
:101D4000000000DF000000D8000000DA000000D131
:101D50003B000000040000001400000041000000EF
:101D6000FB000000F00000007F0000000700000002
:101D70000600000000450000003B0000008100005C
:101D8000001A000000DC000000BB000000EB0000B7
:101D900000A5000000E400000000DE0000001400C8
:101DA0000000BB000000E2000000A70000008F0060
:101DB0000000AC000000810000009500000000FF62
:101DC0000000000E0000000500000024000000815B
:101DD000000000D50000000D000000D1000000E36D
:101DE00081000000CD0000000E000000B8000000DF
:101DF000220000000F000000E600000008000000C4
:101E00002400000000F70000000A000000F70000B6
:101E100000F20000000C000000EF000000F80000DD
:101E20000081000000FA0000000095000000AF00F3
:101E30000000BE000000260000003A000000430041
:101E400000007F000000420000006600000000EB80
:101E500000000088000000BD000000B70000008105
:101E60000000008D000000FD000000CF000000CD4C
:101E7000D90000001F000000E5000000D0000000B5
:101E800081000000C2000000E6000000DD0000004C
:101E9000D700000000DB00000081000000F8000017
:101EA00000EF0000005D00000004000000FF0000E3
:101EB000001A000000F800000000350000007F005C
:101EC0000000F4000000430000006A000000010070
:101ED00000007900000034000000E200000000D79C
:101EE000000000E40000001B000000E1000000B45E
:101EF0000000003E000000130000007F00000032E0
:101F000004000000130000007F000000E900000052
:101F1000CC00000053000000F00000000B000000A7
:101F20007600000000FC0000004E000000FA0000F7
:101F300000490000003B0000004A0000005800007B
:101F400000810000005C00000000F7000000CD00F0
:101F50000000080000000A0000007F0000001D00D3
:101F60000000FB0000003C0000000A000000000E22
:101F700000000025000000FB0000000C0000007FB6
:101F8000000000110000000F000000170000001901
:101F9000FD00000081000000D90000002A000000C0
:101FA000FF000000ED000000FC0000000D0000003C
:101FB0000200000000FC000000FA000000F1000038
:101FC00000FD0000007F00000010000000FE000087
:101FD00000420000000200000000700000005100FC
:101FE000000044000000DE00000081000000FE0050
:101FF000000066000000210000005700000000679C
:1020000000000038000000F70000004B000000FB5B
:10201000000000F50000007F000000120000000634
:10202000F50000001300000004000000FB000000A9
:1020300081000000F0000000FA0000000100000034
:102040000300000000F5000000DD00000038000083
:1020500000F4000000F60000007C00000011000009
:10206000007F0000002B000000001600000031007F
:10207000000006000000030000007F000000F800E0
:102080000000F2000000EF000000FA00000000F283
:10209000000000DD000000F5000000C60000008127
:1020A000000000BB000000D70000000B000000EDA6
:1020B000E500000016000000E7000000E00000005E
:1020C00081000000F7000000F0000000AE000000FA
:1020D000DF00000000F5000000F8000000FB000039
:1020E00000050000008100000036000000FE000036
:1020F00000E70000000A00000000EF00000083007D
:102100000000F6000000EA00000081000000E80086
:10211000000016000000DE000000FF000000003A92
:10212000000000250000001B0000007F000000D719
:102130000000005700000028000000FC0000003AEA
:1021400003000000E300000024000000D4000000B1
:102150007F0000000B000000EC00000031000000D8
:102160004A00000000DD000000EF00000025000034
:1021700000EC000000E00000002800000015000056
:1021800000ED0000007F00000000FD0000000800DE
:102190000000020000001900000081000000FF00A4
:1021A00000000400000007000000000000000065BF
:1021B00000000037000000D8000000EE00000062C0
:1021C000000000F9000000C1000000250000007FB1
:1021D00073000000260000007F000000E500000002
:1021E000D80000000C0000000E00000020000000DD
:1021F0002B00000000E800000081000000EE00005D
:1022000000DC00000068000000D7000000F10000C2
:1022100000E2000000F70000000002000000B5002E
:102220000000ED0000002700000081000000150004
:102230000000EB000000140000001300000000C8C4
:10224000000000F5000000D9000000820000007DC1
:10225000000000B2000000B900000081000000058D
:10226000FB000000C400000006000000EA000000BF
:102270008100000035000000010000008C0000001B
:102280001600000000EC000000F600000001000055
:102290000081000000C500000009000000C7000028
:1022A00000E20000000900000000D8000000F90072
:1022B0000000E3000000E600000081000000CE0006
:1022C0000000E0000000EA000000D3000000002A47
:1022D0000000007F00000002000000660000003DDA
:1022E0000000003D00000001000000EA000000EED8
:1022F0005C0000007F0000003400000013000000BC
:10230000260000000E000000F8000000D3000000CE
:10231000FE000000003800000055000000520000E0
:1023200000C80000003E0000007F000000A2000086
:10233000000A00000043000000003E0000005C00B6
:102340000000110000002A00000081000000410090
:1023500000002A0000000D000000220000000025FF
:10236000000000D3000000DF0000009B0000008997
:102370000000009F00000081000000D7000000F175
:10238000E500000081000000EE000000EE0000000B
:1023900060000000F50000000700000007000000DA
:1023A000070000000043000000DD000000F2000014
:1023B000007F000000FC000000020000000D000093
:1023C0000077000000E800000000E1000000D000FD
:1023D0000000D3000000B500000081000000CB0029
:1023E0000000E10000008B000000E700000000E9B1
:1023F0000000000A000000F40000000B0000000FC5
:10240000000000D600000008000000DC0000008191
:10241000FB0000001D0000000C0000002A0000006E
:10242000B6000000EC000000030000008100000086
:10243000C400000000160000007F0000002A000019
:102440000032000000260000000E0000001D000009
:1024500000080000000B00000000FE000000050066
:102460000000060000000000000081000000FF00E6
:102470000000F3000000E7000000FA00000000EF99
:10248000000000C9000000D7000000D70000008154
:1024900000000014000000FD0000004D0000000BD3
:1024A00018000000F50000000D0000007F00000093
:1024B000E0000000E10000006E0000002B000000C2
:1024C000FB0000000001000000E900000004000023
:1024D00000C900000081000000EC000000CE0000F8
:1024E00000B80000001C00000000D00000008100C7
:1024F0000000CA00000009000000190000000A00E6
:102500000000FD00000007000000FD0000000010BA
:10251000000000F5000000F70000001600000007B2
:1025200000000002000000370000007F0000003AB9
:10253000BD000000BD00000013000000D20000003C
:1025400092000000E90000006F000000BC000000E5
:10255000810000000006000000F4000000FE000002
:10256000001300000081000000FD0000000B0000CF
:1025700000EE000000FB0000000005000000FF006E
:102580000000F3000000F80000005A0000005D00A9
:102590000000FA0000007F00000014000000007F2F
:1025A000000000FC000000F20000006B000000339F
:1025B000000000010000006A0000002F0000000A77
:1025C000FA00000081000000CD000000FB000000C8
:1025D000F2000000FD000000FC0000001E000000F2
:1025E000F700000000DD0000007F0000002A00006E
:1025F00000F3000000E30000006E000000F30000A4
:1026000000C10000000B00000000050000007F007A
:1026100000000700000004000000C30000000700E5
:10262000000006000000240000000C00000000AEC6
:102630000000008100000096000000A60000009944
:102640000000009F000000A5000000FF00000094B3
:10265000ED0000001100000007000000EC00000089
:102660007F00000027000000F40000002A000000A6
:102670000000000000110000002A000000200000FF
:1026800000410000007F000000480000002300001F
:102690000023000000110000000002000000D8002C
:1026A000000002000000F2000000340000003300CF
:1026B0000000300000007F0000000E00000000F16C
:1026C000000000E6000000F0000000EA00000081C9
:1026D000000000E30000000A000000F9000000F71D
:1026E000CB000000E8000000E10000001000000046
:1026F0005B0000005F000000590000007F00000048
:102700000600000000ED000000D0000000F3000013
:1027100000C000000022000000B7000000EA000036
:102720000081000000D900000000D80000008100F6
:102730000000C2000000A400000098000000CD00CE
:1027400000008A0000008D000000AD00000000C9FC
:102750000000006E00000005000000AC0000007FDB
:1027600000000023000000F70000003D0000000F03
:1027700039000000AE0000003700000079000000C2
:1027800032000000DA0000007F00000004000000BA
:102790001400000000BE000000A2000000A700001E
:1027A00000E0000000AA000000DF000000EA0000D6
:1027B0000081000000D600000000570000008100EA
:1027C0000000C4000000630000009F000000BE0085
:1027D000000033000000CA000000E5000000000512
:1027E0000000005D0000000C000000FD0000008102
:1027F000000000FF000000F4000000CD000000F524
:10280000E300000003000000ED00000019000000DC
:102810007E000000D5000000D9000000810000000B
:10282000FA00000000E5000000AB000000270000F7
:1028300000DF0000008100000050000000C7000021
:1028400000E70000004A00000000FD0000002C002E
:1028500000000F000000C60000007F000000EA003A
:102860000000040000002D000000040000000037FC
:10287000000000FA000000DE0000004000000081BF
:10288000000000840000004D000000E0000000D5C2
:10289000EE00000027000000CA0000001D0000003C
:1028A0004900000081000000E40000003E0000003C
:1028B000BB000000008A000000EB0000001B0000CD
:1028C00000460000007F0000000700000034000008
:1028D000001A0000000A00000000230000000E00A3
:1028E0000000F4000000A100000081000000E600EC
:1028F0000000D3000000C1000000D3000000000E63
:10290000000000EC0000000A0000007F000000D181
:10291000000000FF00000033000000F90000000686
:10292000E2000000DC0000009F0000003700000013
:10293000D3000000E200000081000000BE000000A3
:10294000EB0000000081000000F800000091000092
:1029500000FB0000000F000000E20000000E00007D
:10296000000F000000E500000000FF000000E10093
:102970000000090000004A0000007F0000000C0079
:102980000000E5000000BA0000000400000000F3B1
:10299000000000FB00000068000000CF00000019EC
:1029A0000000007F00000009000000E6000000E4D5
:1029B000B60000008100000007000000AB0000002E
:1029C000AA0000000B000000320000003D000000E3
:1029D000ED00000000F0000000690000001F000092
:1029E00000A80000002E0000005A000000D00000E7
:1029F000007F0000002F000000002C0000001100EC
:102A00000000F80000001E0000007F000000E80049
:102A10000000290000003F000000D5000000000E6B
:102A20000000000E000000EB000000FB00000005AD
:102A3000000000E8000000E7000000C9000000817D
:102A40009D00000081000000EE000000ED0000008D
:102A500018000000DE0000001A0000001B0000004B
:102A60001D00000000E0000000D600000001000092
:102A700000A600000081000000EC000000BC000087
:102A800000CA0000000000000000210000007800E3
:102A90000000390000002C000000810000003C0014
:102AA000000027000000D300000022000000001AF0
:102AB00000000017000000EF0000001E00000048AA
:102AC000000000CF000000AA0000007F0000001FEF
:102AD000E80000008100000094000000ED0000000C
:102AE000E7000000B0000000EB0000009E000000C6
:102AF000B20000000007000000CE000000ED000062
:102B0000002C0000003A000000E80000005800001F
:102B1000007F0000003A00000000F6000000DE0028
:102B20000000F90000000400000013000000F200A3
:102B300000004A0000007F0000001800000000DFD5
:102B40000000007F000000F2000000260000003FAF
:102B5000000000D6000000D90000005B000000F07B
:102B6000FE000000BF00000000000000E2000000C6
:102B70008100000048000000FA000000D8000000BA
:102B80000100000000EF0000000A000000FF00004C
:102B900000E400000081000000160000001D00009D
:102BA00000EF000000EF00000000DA0000009A00D3
:102BB0000000E2000000500000005500000024006A
:102BC0000000270000007F0000002600000000D861
:102BD000000000ED0000001100000081000000A4D2
:102BE00000000016000000D6000000B50000002420
:102BF000FF00000025000000D9000000F1000000E7
:102C00006D000000EF000000110000007F000000D8
:102C1000DC00000000E1000000F4000000410000C2
:102C200000EF000000F70000007F000000F6000049
:102C30000064000000410000000014000000B80023
:102C40000000F1000000D500000081000000E2005B
:102C5000000008000000CF000000F2000000001299
:102C600000000023000000E4000000F80000001055
:102C7000000000E30000008100000095000000FC5F
:102C80000B00000011000000CA000000210000003D
:102C90001A00000004000000160000007F00000081
:102CA000440000000018000000C2000000570000AF
:102CB000003E000000A40000007F0000002500008E
:102CC00000F70000006D00000000C70000001900C0
:102CD00000000C000000810000003500000017001B
:102CE0000000C20000002900000011000000001ACE
:102CF00000000089000000E3000000F9000000D19E
:102D0000000000CF0000000700000081000000ED7F
:102D1000F3000000FB000000FE00000023000000A4
:102D20007F0000001B000000F700000035000000DD
:102D3000F500000000AB000000AC000000D5000072
:102D4000008800000018000000030000008100005F
:102D50000021000000DD0000000025000000E90067
:102D6000000025000000350000007F0000000D007D
:102D7000000045000000050000002E000000002AB1
:102D80000000007F000000EB00000044000000F99C
:102D9000000000F300000010000000EA000000F353
:102DA0002300000045000000020000008100000038
:102DB000D70000000A000000960000009700000005
:102DC00025000000001500000040000000EC00009D
:102DD000003B0000007F0000002C000000E000002D
:102DE000000E0000001B00000000810000008400B5
:102DF000000045000000E00000008E0000009B0085
:102E00000000EF000000CC0000009F000000005117
:102E1000000000F2000000BB0000007F0000003C4A
:102E2000000000FB0000007D0000005E000000D0FC
:102E3000EC0000000A000000060000007F00000017
:102E4000FC0000000C000000F3000000080000007F
:102E50000400000000030000000400000002000065
:102E60000007000000DE0000000B0000000F000063
:102E7000007F0000000B000000000A0000001400AA
:102E8000000010000000110000007F0000000E0094
:102E90000000EE000000C0000000FE000000002264
:102EA000000000D0000000F8000000C20000008117
:102EB000000000D1000000ED000000F5000000E778
:102EC000F0000000DA000000F7000000D900000068
:102ED00081000000E70000003B00000061000000EE
:102EE0002100000000FA00000007000000FB0000C5
:102EF0000006000000F7000000060000001E0000B1
:102F00000081000000D9000000000A000000C70096
:102F10000000D5000000DF0000008100000002007A
:102F2000000089000000DD00000035000000002ADC
:102F300000000081000000FC0000005F000000FFB6
:102F4000000000E7000000EA00000019000000F3A4
:102F5000040000003F000000D1000000F30000006A
:102F60007F000000BF00000004000000130000000C
:102F7000F000000000070000007F0000007F00005C
:102F8000000D000000F300000026000000FD00001E
:102F900000EB000000E100000000EE0000008300F4
:102FA0000000BE000000C200000081000000F3002D
:102FB0000000010000002B000000E9000000000AF2
:102FC0000000001E00000000000000FA000000ECFD
:102FD0000000000E000000E300000081000000F58A
:102FE000E200000081000000CD000000EC000000C5
:102FF00003000000D500000004000000CF00000026
:1030000004000000000A0000004A000000EF000079
:1030100000190000007F000000030000000B00000A
:1030200000E7000000110000000096000000EB0027
:10303000000081000000BD000000DF000000A700CC
:103040000000B7000000A80000008B00000000E5B1
:10305000000000A4000000DC000000EC0000008183
:103060000000000D000000E2000000B70000000AB0
:1030700066000000350000005D0000007F000000D9
:103080009C000000770000002F000000C600000038
:103090002700000000050000000F000000050000F0
:1030A00000DE0000007F000000FD000000070000BF
:1030B000000C0000000C00000000EB000000DF002E
:1030C0000000F40000005700000049000000190053
:1030D0000000720000007F0000000100000000EC12
:1030E000000000BC000000D2000000A8000000901A
:1030F000000000C3000000910000008F000000816C
:10310000000000001900000000000000F6000000B0
:1031100022000000F80000000F0000007F00000007
:1031200009000000002F000000F2000000810000F4
:1031300000FF00000014000000AA0000001A0000B8
:1031400000C7000000BD00000000FD000000E1001D
:103150000000F9000000D9000000CA000000400093
:103160000000FB0000007F00000036000000004867
:103170000000007F0000004B000000310000002C28
:103180000000003D00000052000000740000005AE2
:103190004E0000003E0000006F0000003400000000
:1031A000E90000003E000000640000003B00000059
:1031B0007F00000000FF0000001900000007000071
:1031C00000FB0000007F0000000B0000000000007A
:1031D000001F00000006000000001800000063004F
:1031E00000001D000000F20000007F000000090048
:1031F0000000FE000000110000000100000000FEC1
:10320000000000000000005D0000001A000000E95E
:10321000000000F500000007000000030000007F30
:10322000FD00000003000000FC000000FB000000A7
:1032300081000000EF000000020000003D000000DF
:103240000400000000320000008F00000092000027
:10325000003A000000A200000081000000250000EC
:1032600000C5000000BF00000000D20000008A007E
:103270000000AD000000B300000085000000CA009F
:103280000000B800000081000000C300000000182A
:103290000000007D000000220000000A000000E5A0
:1032A00000000004000000330000007F0000003335
:1032B000EF000000CB000000C8000000810000000B
:1032C00054000000CA000000FF000000D70000000A
:1032D000C100000000FA0000001900000004000016
:1032E00000F4000000FC000000EC000000170000EB
:1032F00000810000000900000000AD000000B800DF
:103300000000D900000081000000B4000000BF00F0
:10331000000091000000B6000000C800000000F2AC
:103320000000000E000000F50000001D0000007FFE
:103330000000000F0000001A000000310000000E25
:1033400004000000FF00000013000000F100000076
:10335000740000007F000000F9000000F70000008A
:1033600000000000006100000040000000F70000C5
:10337000007F00000055000000090000005600001A
:103380000057000000FC00000000FB0000001000DF
:1033900000003A00000007000000F40000007F0079
:1033A000000001000000F00000002500000000E324
:1033B00000000017000000EC0000007E0000007F0D
:1033C000000000530000002C000000420000003903
:1033D0007F000000F8000000E20000003300000061
:1033E000C4000000F90000007E000000050000009D
:1033F000F3000000002E00000002000000F90000B1
:10340000007F000000CC0000000D000000C800009C
:103410000069000000EB00000000320000008100A5
:1034200000003C000000CF00000087000000AE005C
:10343000000029000000AF00000039000000004536
:103440000000007F0000003700000058000000F07E
:103450000000005A000000560000005B0000002C35
:103460007F0000007A0000006B0000001F000000D9
:103470001000000023000000F2000000ED0000003A
:10348000FF00000000DE000000C8000000DC0000BB
:1034900000910000008100000090000000FA000090
:1034A00000E10000000700000000060000000B0023
:1034B0000000AF000000080000000C0000008100C8
:1034C0000000FC00000011000000DC0000000021F2
:1034D000000000EA000000E30000002C00000003F0
:1034E000000000E00000007F000000620000000C0F
:1034F000A4000000810000009400000036000000DD
:103500006A000000A60000000900000001000000A1
:103510000700000000060000000C000000F800009A
:1035200000030000007F000000C700000001000051
:1035300000170000000100000000280000008C00BF
:103540000000EF000000A7000000C2000000B10072
:1035500000001E00000081000000EA00000000C220
:1035600000000014000000030000008100000000C3
:1035700000000028000000AA000000300000000C3D
:1035800002000000E9000000FB000000FC00000059
:103590007F0000000600000004000000E3000000BF
:1035A000F60000000002000000FE0000001900000C
:1035B00000FD000000200000007F0000000000006F
:1035C00000030000002200000000020000000C00C8
:1035D0000000F7000000190000007F0000001B0041
:1035E0000000020000002E0000000000000000911A
:1035F00000000081000000D4000000E50000000B86
:10360000000000F40000001800000024000000F298
:10361000C800000081000000D00000008B00000006
:1036200044000000B6000000D60000009200000038
:10363000E400000000170000007F0000001B0000F5
:10364000002B00000031000000180000000D0000F9
:1036500000060000001100000000BC000000DA00BD
:1036600000000E000000810000001B000000FD00B3
:103670000000F5000000FA00000019000000000E34
:103680000000005D000000DB000000220000007F61
:103690000000000A0000002100000039000000DEE8
:1036A00000000000F900000000000000E900000038
:1036B0007F0000000D00000000000000020000007C
:1036C000000000000004000000FF000000F1000006
:1036D00000130000007F00000020000000F6000042
:1036E000002D000000FA0000000053000000500010
:1036F0000000650000004F0000007D0000007F001A
:1037000000004A0000004A0000004B00000000FEDC
:10371000000000FB00000005000000FF0000008129
:103720000000004700000001000000F20000000C53
:10373000E100000081000000D00000005500000002
:103740003D0000001D0000004800000034000000A3
:103750001600000000FA00000005000000F800005C
:1037600000810000000F00000001000000F10000D7
:103770000002000000F80000000019000000B40082
:103780000000A500000035000000AC000000D800DB
:103790000000FE00000081000000D800000000FFD3
:1037A0000000000E00000008000000060000007F7E
:1037B00000000013000000FB000000BA000000F74A
:1037C0002B0000001D0000009A0000001400000003
:1037D000120000008100000030000000F600000030
:1037E000B600000000F5000000FB000000340000FF
:1037F00000F00000007F000000F10000000C00005D
:103800000007000000EA00000000F8000000FF00D0
:103810000000EE00000026000000570000004400F9
:1038200000001B0000007F000000330000000015B6
:1038300000000025000000F70000001D00000081CE
:10384000000000D2000000DE000000BB000000C449
:103850001100000001000000C70000000F00000080
:10386000F60000009E000000F5000000810000004E
:10387000140000000081000000140000000000009F
:10388000009B000000470000001A0000008B0000B1
:10389000003C0000000700000000430000007D0025
:1038A000000018000000ED0000007F00000029006B
:1038B00000000C000000510000000B00000000F4AC
:1038C000000000C4000000EF000000D400000081F0
:1038D000000000C5000000080000003300000012D6
:1038E000420000007F0000005C0000002D0000008E
:1038F000570000003A000000EC0000002400000027
:103900001D00000000FB0000004E0000000700004A
:1039100000230000007F0000000A000000E6000015
:103920000033000000F3000000001C0000007F00D6
:10393000000014000000F700000047000000030032
:103940000000EC000000F4000000F00000000001A6
:10395000000000F9000000FC000000E8000000B7D3
:10396000000000E3000000D500000081000000D747
:103970006B00000023000000EC0000007F0000004E
:103980002E0000000B000000610000003E0000005F
:10399000E100000000410000003F000000FB0000CB
:1039A000007F00000052000000ED00000040000019
:1039B000004B000000F6000000003C000000340056
:1039C00000003400000061000000F20000004D0023
:1039D000000039000000660000007F00000000F9D0
:1039E00000000010000000EB0000006D0000007FF0
:1039F0000000004B0000004200000078000000655D
:103A00000100000014000000050000001300000089
:103A1000C1000000FD000000170000007F00000052
:103A20000900000000010000000500000004000083
:103A300000440000007F00000011000000020000B0
:103A4000002F0000001100000000FE0000007B00BD
:103A50000000FA000000EC0000007F000000FA0007
:103A60000000F7000000390000000F000000000215
:103A7000000000FD000000F8000000CE000000FC87
:103A8000000000050000007F000000EF000000F7CC
:103A90000D000000170000001200000029000000C7
:103AA0008100000027000000080000001400000052
:103AB000110000000019000000290000002400008F
:103AC000001F00000081000000160000001A000026
:103AD000003F0000002400000000F5000000FE0090
:103AE000000001000000DD0000007F0000000E006B
:103AF000000000000000FA0000000100000000E6E5
:103B00000000007F0000002000000016000000AE52
:103B10000000007300000004000000000000001C12
:103B2000F1000000F6000000100000000800000096
:103B30007F0000001200000002000000E80000000A
:103B4000EA00000000170000002A0000001A000030
:103B500000000000007F00000004000000150000CD
:103B600000030000001700000000BD0000008D00F1
:103B70000000D1000000C8000000C6000000BE0028
:103B80000000EE0000007F0000002700000000F8A9
:103B90000000003F000000F4000000FF0000008172
:103BA00000000002000000FF000000D7000000003D
:103BB00093000000A700000081000000F400000056
:103BC000E2000000D2000000FD0000000C00000038
:103BD0001400000000F1000000EE000000FA0000F8
:103BE00000F900000081000000EB0000001200005E
:103BF000001E0000000400000000F00000000E00A5
:103C00000000FA0000000C000000810000000E001F
:103C10000000EB000000F6000000F400000000FAD5
:103C2000000000F2000000810000000F00000017FB
:103C3000000000CB0000005A000000EF000000FF71
:103C40004000000020000000390000005C0000007F
:103C50003D00000075000000490000007F000000EA
:103C60006B00000000470000007F000000A2000081
:103C7000004C00000043000000810000002900000B
:103C8000003C000000CC000000001F0000007F008E
:103C900000001100000007000000390000000700CC
:103CA00000000F0000002D00000013000000000ABB
:103CB0000000001100000095000000FD000000263B
:103CC0000000008100000008000000D900000098FA
:103CD000F0000000080000000E000000810000005D
:103CE00035000000F6000000D2000000E7000000F0
:103CF00011000000007F0000000800000007000025
:103D000000E2000000CE000000F8000000180000F3
:103D1000000D000000ED00000000FD00000081002B
:103D2000000007000000F700000006000000FA0095
:103D3000000000000000F30000000200000000F39B
:103D400000000032000000F1000000990000008136
:103D5000000000B20000000000000010000000FBA6
:103D6000F50000000200000005000000DB0000007C
:103D700081000000EC000000F9000000FB000000E2
:103D80000300000000BB00000081000000B700003D
:103D900000C4000000A8000000D8000000FD0000E2
:103DA00000F30000000400000000090000003000E3
:103DB00000009B000000F0000000110000008100E6
:103DC0000000090000000E000000A200000000AD8D
:103DD00000000098000000A1000000F4000000AC0A
:103DE000000000E5000000FA00000081000000CAA9
:103DF000FB00000004000000F500000009000000C6
:103E00008100000015000000FE000000C500000059
:103E10000700000000F100000003000000EB0000BC
:103E200000E5000000810000008E000000EB0000B3
:103E300000C1000000A100000000BC000000F8006C
:103E40000000DF000000B50000000D000000A10030
:103E500000009200000081000000D8000000000176
:103E60000000001C000000FC000000FF00000081BA
:103E700000000002000000FB000000F7000000FD51
:103E8000EB00000014000000F70000000F0000002D
:103E90007F00000009000000F8000000140000008E
:103EA000FC00000000600000002B00000066000025
:103EB000003B000000A50000004C00000064000072
:103EC00000090000007F00000000E400000027005F
:103ED000000022000000CE0000007F000000200053
:103EE0000000EC000000FA0000001D00000000E9E6
:103EF000000000DD000000EB000000E9000000E22F
:103F00000000001B000000130000007F0000000CF8
:103F1000F5000000C7000000FC00000007000000E2
:103F2000810000000D000000070000001E000000DE
:103F300006000000004A000000FC000000EB00004A
:103F4000007F00000016000000E4000000530000A5
:103F5000001F000000000000000050000000DE0014
:103F60000000070000007F000000C2000000070002
:103F700000001C0000000B000000EF000000002308
:103F80000000003A00000019000000DA000000B94B
:103F9000000000D9000000CF00000081000000CA2E
:103FA00097000000D5000000D40000008100000050
:103FB0000B00000011000000B7000000F10000003D
:103FC000E20000000048000000620000003B00002A
:103FD000004D0000001A0000002C0000004C000002
:103FE000007F000000440000000004000000810089
:103FF0000000F7000000F2000000F80000000300DD
:104000000000F000000014000000EA0000000008BA
:10401000000000FB0000000D000000090000007F10
:1040200000000003000000030000003C0000001935
:10403000F800000013000000000000000100000074
:104040007F000000FE000000FC000000F9000000FE
:10405000FE000000000B000000EC000000F100007A
:1040600000E7000000D2000000E3000000E20000D2
:104070000081000000AC00000000E500000022000C
:1040800000006B00000017000000E00000007F004F
:104090000000E10000001A0000005D000000008A3E
:1040A0000000009400000087000000F6000000DD22
:1040B000000000C0000000AA000000B50000008160
:1040C000FD00000081000000E9000000D1000000B8
:1040D000F6000000150000000D00000004000000C4
:1040E000FF000000000A0000005200000000000075
:1040F00000C500000081000000EA000000D50000BB
:1041000000AD000000C90000000017000000FF0023
:10411000000012000000320000007F000000D80004
:1041200000000400000034000000FE000000000E4B
:10413000000000440000000D0000003E0000007F71
:104140000000003C000000230000004000000027A9
:10415000B7000000F600000032000000B7000000C9
:1041600081000000210000009F0000009C00000072
:104170000A000000000400000091000000E60000BA
:1041800000A300000040000000DA0000000F000063
:104190000081000000F000000000FB0000000000B3
:1041A000000003000000EB00000081000000180088
:1041B0000000FC000000F9000000F800000000FB17
:1041C00000000041000000350000009E000000B724
:1041D00000000005000000DD000000810000001567
:1041E000FB000000ED0000000D0000000F000000CB
:1041F000CD0000007F000000010000000D00000065
:104200004000000000E700000057000000EA000046
:1042100000C40000007F0000002F0000000D00001F
:10422000002F0000001000000000EB000000FD0067
:1042300000000B000000F2000000C80000000400B5
:1042400000001F0000007F0000005C00000000DA9A
:10425000000000C3000000B4000000D2000000997C
:10426000000000A700000095000000890000008108
:10427000BD00000081000000B9000000E90000005E
:1042800024000000F80000001900000031000000C8
:104290002200000000060000002F000000260000A1
:1042A00000050000008100000071000000FA00001D
:1042B00000260000001A00000000A8000000DA003C
:1042C000000019000000810000009A000000F700C3
:1042D000000090000000C6000000FA00000000C9C5
:1042E00000000081000000C4000000C7000000AB17
:1042F000000000A1000000F9000000180000000C00
:104300004C0024007F00300004004B00DF00F80068
:10431000460000730007000F0025008100FB0056D7
:10432000000F00A6FC00EA00D000F8000F00F40027
:10433000D800EC00810000FF0005001C0081001582
:10434000001E00F400070014D7008100E8002F00D1
:10435000200020002A0029001E0000FB00000001B0
:1043600000160081000B0005003600EA7F002F00D8
:10437000E9003A00EF000D0024001500070000AE30
:1043800000A200DE00D900AB00DA00B5008100A277
:1043900059002C0004006B008E00CC007F0015003B
:1043A000DE00001000CF00E30051000C008100236C
:1043B0000028008881001400F300F2003D002E0068
:1043C00009000F001C00005E00D90059004F00D505
:1043D00000CA008100D4009A6F0044007D00F00004
:1043E0007F00F8005A002D007300000800F200342E
:1043F00000C4007F000C005D003600472700AE00BF
:10440000BC00A6008100E300D5001300420000E7D5
:1044100000C700BD000C003B00FE0042007F007B97
:1044200047004A007F001100F100FB00E800060091
:10443000EF0000B8000C009A0028005C004800ED76
:10444000007F002E55007F007E002900CF00CC00A9
:104450002100F500D60000C300D1008100CB00B7D9
:10446000000400F8000A00CD3E007F004B002E0043
:1044700062003E0040007A0048000094009B00CBA0
:1044800000F300F7003900430010007F1500E8003A
:104490001A000E0030001E007F000D00EB0000012E
:1044A000008100AC0037003F008B002A0039005526
:1044B000FD00E9000B00F90003007F00F900E700B0
:1044C00000000014009700D3005400AD00A0002E9F
:1044D000003E007F7F000A0030005000FF000E0009
:1044E000740053000600008100A200F100A700BE86
:1044F000002700AA003100356F00CD007F00540076
:10450000EE0001005B002900490000E00017001BDD
:1045100000F1007F00000050005800CEF000F600CF
:10452000D3001600CF004500490004007F0000D8EA
:10453000006A003F00D5008100F1003D00D9009FD6
:10454000A100F900AE003A000C0019007F005C00E9
:104550005E00002C001E000D009D000A0029008155
:104560000023000A7F00F10061001000F90036000E
:10457000240009002300003900D90003007F0061F6
:10458000001B00240031002A0E00F400F900DB00BB
:10459000ED00F2008100CF00B80000DD00C500A7EB
:1045A00000BB00B1008100B000BE00AF7D00E100A3
:1045B000B200500025008100520033004400007F0B
:1045C000003C005200E100E4000C004E00D5004425
:1045D000F900930022001D00BA002B007F00670045
:1045E0003500001900ED001500CF00810012000019
:1045F0000004003723008100CF000C00C6001D001E
:10460000FE00E100F600004A00D40010003300DF95
:1046100000180081009000AD6F0048007F00E900A5
:104620003C00D900B700EE00CA00007F00E700E0C0
:10463000001700DB00070021000C00DEB60073004D
:104640002A008100EE004800E700050043000081D9
:10465000009B00CE00E70056000F0017001500F287
:104660004600300081003E00CD00CD002000E40077
:10467000EB00000600F800FC00F3007F00F60000ED
:1046800000F800FE4E007F00BA00C8002800D500E8
:104690000F000800CC00005400530040001900F93E
:1046A000000100B500AF0081170039006100F8007B
:1046B000250050008100D200CB00000E007F0026B4
:1046C000002200540072004100E700EE0A0074006E
:1046D0001F00AB00C90041008A008100CA00003001
:1046E0000014007F000300E9001E001E00E100210D
:1046F00016002F001E000D000C0000009C00C400DE
:104700008100005B00E1006000CC007F007500CB01
:1047100000B800EAFE00300081004A005E00A200FE
:10472000FB00980092000007000D00FB000800C786
:10473000001700BF008100E411001A00FB00010017
:10474000DD003500E3008100070000B100B70087FD
:1047500000DD00F200E900EC008100B4D300F100BC
:10476000DB00E000E2006C00EF00ED007F000008DD
:104770000067003F00C600BF007F00DD00E40027A7
:1047800017007F002200D7005D004200FE003900C4
:104790002400008100BB008700E400C300D400B601
:1047A00000AE00BDB000EC0085008100DE00C3005B
:1047B000EB003900DF00008100B300D40005006C7D
:1047C0000071000800E5000CD900B0008E00B700B1
:1047D00052007F00B80029001100000000E00081B5
:1047E0000028001200090029001C000FE800140036
:1047F00053009700E900250016000C007F0000BB65
:1048000000F800B60012008100D600CF001600E8C4
:10481000260014002100320053001A0088009C007A
:104820008100001E00EC00130005000300E40052AC
:10483000007F003148001200A00034002100B700C2
:104840003D00CA00810000C900D5008100FB00E4E2
:1048500000F300C600FB00DF9F00D3004600EF001E
:1048600081001400D30093001E00004C003A001792
:104870000053002E00FD007F00EE0026810007009F
:10488000A400E500AD00CE00E800DA00FB00002B3C
:1048900000F700F3007F005100B70036003D0048EC
:1048A00062000700330050003400EA0083008100FA
:1048B000D300009500DB00F2008800F100F30081D6
:1048C00000CC00F16B002B007F001A00FF002500D8
:1048D000CF00D100CA00002800D6006300E6000C1B
:1048E00000780049007F0073C000EE00B7000500AB
:1048F0000F000F007D0029007F00000A0055007F97
:1049000000C9000D001100E000FE0010AE001E0006
:104910008100D4000D00F600B100E800BC0000BC2E
:1049200000FC007700B800F9002600F600E2007FE6
:10493000CF00FA000900F500F900040081009F0093
:10494000FE0000EE000200B500DB00B5008100E6CD
:10495000001500DBFC000000010003007F000A00DE
:104960000100F4000200000500E400F0002E005CED
:104970000043007F003B007B7D0057007F0040002C
:10498000F5006F003F0011005C0000EE000F0023F7
:1049900000D600240017008100D900A01A00EA0008
:1049A0002200000026001A00DA007F005D00007F70
:1049B000006200600063003C001A0056005C001EAC
:1049C000D900E700F500E500050008008400C800F4
:1049D0008100000F00FC0017002B007F003F00DA71
:1049E00000FD00F71B00040081002300D500CA0071
:1049F0002500EB00D70000AC00BA00DB00EB00BEE6
:104A00000014007F00DB00D34300DE000C004300F5
:104A1000E5003A007F0045004800007F009F00E568
:104A20000055003A00A90019003E00CF1F002200E7
:104A3000F8007F004F0023000B001F00F20000FC75
:104A400000F700FE001A008100DC000600F900DF1C
:104A5000D400D700150081001400E2008200E700B6
:104A6000EB000032007F007A0037004000E800C30E
:104A700000B700FEF9001D006100D8007F00500063
:104A800010005E006E00008100CB00A600F9002A35
:104A9000002E00430012003602000B007F001100C0
:104AA000F9000E00FE0003001000001800120004C0
:104AB000000A004900ED008100A8009B3F003F0074
:104AC000110060007F000F00E4005A00A90000728E
:104AD000007F00D500660045009F0001000800D857
:104AE0008100F800C800D000FF001700AD00D3001F
:104AF000C700009E008100D400B2002700C700CB91
:104B000000C200F7BF00CE00EC00DD001500B100D0
:104B10009200B600810000C900D700EC009100D8D7
:104B200000E00081009100827F0049009000310088
:104B3000B500FD00BA00DE00D700008100D900D525
:104B400000CA001F000F00E300F900C30400EB00DF
:104B5000F5000C00B900810026002F00CE00008176
:104B600000F600E400BC00FA001A00ED000F000B94
:104B70003700CB007F000C00AD0044008800B4007B
:104B80002500007F00050060003500E6003E00D7EC
:104B900000F40016F5007F001600FF0099001D00CC
:104BA000B500AF00EA00008100FA00B3000B001767
:104BB000000900B800ED00D78100EA00D6000B0024
:104BC000C9000800CC00F400E80000D3000C00612C
:104BD00000E100D3001600EC0031007F1800FD005A
:104BE0002E0001003C007F00270066005600009662
:104BF00000B400D3000900C600D300810011008C6E
:104C00003F0024004A00D700080054003900590032
:104C10007F0000DE008100D600F200C400EB00112E
:104C2000001200057F0056006200FF00F500190029
:104C3000400031002B00009F0081001200A700C03F
:104C4000002600D300BC00678B008100AE0014007A
:104C50004A00F40005005100150000EB001200FBB3
:104C600000FD00F9008100F100EB00DE7C00550042
:104C700069002E00140023007F003000620000B99C
:104C800000AE00FB006200E500BB007F005F00CCCF
:104C90007F00FF005D003500320000006E001D0047
:104CA000120000D400D9009800B600B7008100B20D
:104CB00000E500F2E9000500DD00810027000D009D
:104CC000B4008200CD00007F001000FE007E00FED8
:104CD00000F3000D00E4001C7F001B00E100200039
:104CE0000B00110040000A00000000B0008100131A
:104CF00000D40087001100FB00FE002942000600DE
:104D000044001C000C00DC0036007F003E0000E682
:104D100000E3000800E600810007002200E700F839
:104D20001800D20023001300C7002F006E00E80017
:104D30007F0000F300A800D400F400BE008100074B
:104D400000D300AE210002002B001D00FB00EA0092
:104D50007F001400FF00003C0075007F000C00067F
:104D6000003300FA00DC0023700048007F0073006D
:104D70003F006D003B0026004600007F007D005B89
:104D8000004100670027005400EF003A8100BB009B
:104D900095000C00FB001D00E0000200DD00009704
:104DA00000BC00BD00E8009300BD00D500CC008130
:104DB000330005000A004C000F007F006200120063
:104DC000630000010013003000F3007F0022005157
:104DD000001D001416000500EC0001000C00C900C5
:104DE000CF00C80081000067001000E2007F00E0F3
:104DF00000DA001500D70010FD001400FB0045008C
:104E00007F005500360036001300001000E700ADAB
:104E100000EA00D900810023000600D519009000A7
:104E200085008F00E300CA008100C800960000538F
:104E3000001300160064007F00110011000D000532
:104E4000AD008100A5000500650019000A002600DC
:104E50000F0000C300AC00810010004100D600CC60
:104E6000002900E6EB00DA0081001300E800E4000E
:104E7000FF001300B6000091002C0040008100F4F8
:104E800000FA0086001200072B00B9001D00EF0099
:104E9000D30059007F0042007700001D00EC00CED7
:104EA00000F6005400C30045008100B48100B70043
:104EB000EC009200E500FA009B00DA00ED0000FB38
:104EC00000F0000A007F00F400EA00250000000A5C
:104ED00003002900010043007F000E002D001F0089
:104EE000EB000035007F0052006600090017000447
:104EF00000C200E11E006200330082006600740000
:104F00008100A700680000A40016009E00A900C848
:104F100000A2008100DB00A3F100D500D4006000F6
:104F2000E900DE007F0041001F0000C000D000C685
:104F300000B400DD00C0008F00ED0081E000FD0046
:104F40002E00190013003700DA00F1007F00000680
:104F500000F000F300EF003D002B00300061007F07
:104F6000460007007F002100D50020002100E90055
:104F7000580000E80026001D00D9007F000E00FB4D
:104F800000F300EE0F0015000C00FF007F001A0078
:104F90001500FE0003000052000A007F003A00FFE7
:104FA000002E002E003A006ADA000D00E100D30066
:104FB0000300D9008100E800870000F300130061BE
:104FC0000018007F003D002A00FF00C80500F9001E
:104FD0000300FE008100F600F3000300000000E67D
:104FE00000D700F100010081000700A400B700DE37
:104FF0002E00B800C00032008100FA004600E50033
:10500000F100001100A1000400610055000300340C
:10501000007F0022120010001200ED00FA00CB0009
:10502000B700D800810000E9000900D4000C00207E
:1050300000F400CC00E9008119000B004E007F0055
:105040002F00E90014001300280000E400E400260B
:1050500000C300BB008100F200FA008F3E00250073
:10506000FC006C002D0025007F005C007A0000141D
:1050700000FA001500FC00DF0067007F0067007881
:1050800032000C005400FC00D600FD007F002C0014
:10509000660000AE00BB008100D900B600AA00B9CE
:1050A00000B900FB7F00F8005F001200C500D700C8
:1050B00049001700730000EE00C900F10024000C45
:1050C000007F0057005E0006000009000A00F300A0
:1050D000810022002A0077000B00003300A0001995
:1050E000007F006500DE007B002000CA2D00F80074
:1050F00012000E00BE0002007F0018000B00000E20
:1051000000AE00F000CF008100A900D4009500039C
:10511000E700E200AB0069005B002F0033007F0076
:105120004A0000C400A500E9001B00F40021008132
:1051300000D200F71900E8000600DD00F300FB00D4
:105140008100E500880000F10008004B00A5008107
:10515000000C00D0008900B50000200023000300EF
:105160009400AD00860081009F0000DE000E00C6A6
:10517000000400DB00B6008100D2008504007F003F
:105180002900EF003E006800C30020002500007FDA
:10519000005700DD007700370009007A000400E3C3
:1051A0007F00050049004E00960034003E00C80014
:1051B0003E00002400F200C900FC000D00D700DB17
:1051C000009E00819800B10081000400C500E50048
:1051D0001A00F0000E00002500E500CA002100AD15
:1051E00000DE00FE00810019D900DA00ED00DC00CD
:1051F0002600E9008100E600F9000008000000A890
:10520000000500EB00E300090096008115003F0057
:105210008E001300DC0081001600B800BE00007F85
:10522000007800EC0018003E00000062003700F338
:1052300035001000D1001E007F007200B1005A003E
:10524000490000C80081005B0008008D007B00D091
:1052500000B700EAFC00F1008100E6001900B80088
:1052600005002A009400009A00FE00CD00E8001C12
:105270000000008100CA009D95008100F000CD0073
:1052800059003E00F4003900E500008100E0008C88
:10529000000B003000FF00AF001B00BB1C00ED0046
:1052A0007F00DE00920024001300E500E000008192
:1052B00000AF008100E4000A001C0006000700F9AE
:1052C000FC00E2007F000B00E4003400F800FA006C
:1052D0002D000012007F002600FE002C00E800FBDD
:1052E00000FC000D0000FB000A0012007F0000001F
:1052F0001700E8001300009E0000001900BD000028
:1053000000FB008100F70012F9000600FC00F2002B
:105310008100170001005800E70000FD000400F3C1
:1053200000F100810001000B00E900F2A7008100FC
:105330008900DA00BD00E3002600DA003000007FBB
:10534000001F004A002500D200020074002E0072E7
:10535000CD008100EF00A400D80020008A00FE00EC
:105360003A0000340071007F00650059003000539E
:10537000006A0033060037005E00F50001000400FB
:10538000040023007F0000F700E90051001C00A08A
:10539000007F000F00F400254F001F00BE003A0000
:1053A0007F00E200C4007D004A0000CC00EB00203A
:1053B0000081000F000600C6003100070300D40082
:1053C0003300EB00CF004E00BE0009007F0000ABB1
:1053D00000ED008A0006007F00EB00F100D500EC34
:1053E0008100CD00E300F100D800D600F500F80000
:1053F000050000D800FB00D3001300DA000300DF33
:10540000009C0081DA00D900C80003003700390091
:1054100055007F003000008100F0009900FC003D45
:10542000000500D100FA00B00F000C00FC000500E0
:1054300081001F001D00FD000700002700CA00DEDC
:105440000081008F001900B300BD006965004B00AA
:105450007F0042002E0007000000F900EF0000FD71
:105460000048008100E7004300A1001500F100CFD3
:105470006100370069000D00F100330043007F0038
:10548000570000D50063002C000800090081001FB0
:1054900000D800B24B007F004900B400F100DD00ED
:1054A00065002E003E0000670027007F001700B94E
:1054B0000012004C000F0048C900E300BC00FA00D5
:1054C000D60005004F007F003C00000200FC0053A6
:1054D000000900CA0038003A0009007FA000D3008C
:1054E000F9000000ED00ED008100E1000B0000007C
:1054F000000E00D300C2008100BF00F300EC00FCEE
:10550000E6E21101FBEA0CC3DFE17F0511D7E0FF02
:10551000DB26F1F0FBF881EDE4E510BE11ECE0CD07
:1055200085D64A6017BB7FA21D6C0B1B3739CB2376
:10553000311E1A1FE57F0DF603D5BD223134D1206F
:105540009C7F1922044D30CB060BF3E6EEFED8F01B
:10555000CFABCEA02CCC81BF97E93DE71712301618
:105560000E2B00FC050DF22302D2F5FA7F04E2F9BE
:105570002081F8EE10DA011EB9CA2FFF0D0823F1C1
:10558000DED7EAFA1B35D0BC664F16FDB5E67FB311
:10559000C47FF8F823E12B13FFF8DF0EC81FF11DBD
:1055A0007FBFF3C5E3BDDAE2E339F5E81EDED8D408
:1055B00081090DF4351441CD8AA7BBEEBB03EE0B78
:1055C000C97FFBF6F41FED220CB75BE5F501180F60
:1055D00058B01809172CBD81E3FE1623F2B025D56B
:1055E000EDEE0F127F191AFCA001F1FE51D304F168
:1055F000810E3B38E3145815F969E8B842AB0AD27A
:105600000635F742F57F0D973397A1C5722F9101AB
:10561000C5C8011C7F244F27A8CF05D31A0D1A1423
:10562000FC230C10250921F6E2E381E2F3F80CF6E5
:10563000A61E260DE0E46A7F0D2FFC083D12EC0249
:10564000ECC0E09930FBCDF50A7E7FFD1AED1AD94A
:1056500011BBFAEFF94318B41A7FF0083FD5DAB35B
:10566000351711EAD8F3E2E2E21081F110EBF4E52C
:10567000F1FD81E70C09F7F3F7FE0A0201B7130801
:10568000474214283DAE44A962C8F532811B5C052F
:10569000381F0DFC44EB0DC760F8F3F01E0B81FFC3
:1056A000E617120403FC3CB7172781DFF8F2EAF98A
:1056B000441EE6D8053A05D6E181EE0DC8FFF8F1A3
:1056C000FD360812E021054EEE81CD05D2F4E2064A
:1056D000B81BEDFB09ECF6BCE97F1914FBEBFDF000
:1056E00031FADDA9D843811AF15EFF110FB0CCA7C2
:1056F000C9BB0412067290E5EB7FECE415A3F3BB83
:1057000022EF0506EA7F28090F29FCF9F8E402F7E1
:105710000EEA171302F80B0A0D14F112F27FFC1AAD
:10572000D409050F03F90D08091AF97FEBE708FC06
:105730000BEE717A16ECF610F43FC12CF059107F85
:10574000F05AFBEBCAF7CD2F5E7FF7CE0AD8E1EC1B
:10575000D914E9D57F0544680736E59DF80D171380
:10576000D9FCE2E685C8D15481FD1108CA131FEAAD
:1057700081F40F0B0D05053B2E4E190DF803EAF9C8
:105780001FE9A269ED18F8172F06F19A01F5F37FCA
:10579000FB08F8F60C03F5FBE8F7030730FA810184
:1057A000EA560806AF8156452A90291EFD350F445A
:1057B000E111131E811E1064EC05DAFEEFF92504D9
:1057C0000D058116FF04FDF2F4F614F8FF0EFAB38E
:1057D00001F9907FF11517220E1FE709F44600E248
:1057E000A4EE0916FDF9070F2D7FFCE94F1BFBF016
:1057F000DE292040F85618963981012DCAF2ADFCF9
:10580000758D4A31FFA202DCCD8166BA15213D516A
:10581000CA2AFBEB0D2FE07FE4170BFF51040A01AE
:1058200001DFFFED017F1BFAF2B102E9F5EE0CF0AA
:10583000D70DD6CCF7DCD064035EFEF8810578F492
:1058400002CA1507ED7F150C15EDE623E909F20AEA
:10585000B317C0A1171F22CBED1B148129E827D94C
:10586000F68119E216DF18D2FDEAB528F2F1F4113B
:105870002013F8089DADFE7181CB10EA660DD208A9
:105880001DDB0406FDEA0F0BEF128106FDE3F8F1C4
:10589000047F01F40D9F17090AE606ED09F7EBF7FF
:1058A000462DF835FEB5DAE56DB27FEF22E1CDF198
:1058B00081542018206A3641F80ACCF0F5DDF5F75E
:1058C00014AD01E7233DE354D1EC05F27FFCEF007A
:1058D000CBCB384AE81A100CC9EF0981F8D735BC90
:1058E000F9E3021D56FE2E7FE0928E20E9E6D0EA13
:1058F00010B7EEE4E7F47F26E5301938F00B14FF1B
:1059000007170F25FFDC0715FA1D00F800FD04033B
:10591000C5FFFCE3F7B883049DE0C5DD00B1FFE1FE
:105920001063F9E00609FBF806DD1314000F0717F2
:105930003D0D05220B54780064173D210050FE25D3
:105940000524FABA1108F2F707D743060009FF0346
:10595000DD08F10DF8BF81FA81E6F7EB009E0FD26A
:105960000209FF57F8D31B08F51C1DF500FC03F0D6
:10597000F4F50310F5ECBA0781EE33EA00B603BA8A
:10598000EEABF154F8EC20F8F92C16EF00EEFAD853
:10599000100B00EE0C1D44FE7F12CD17004CF94990
:1059A000E681EDE2FFFE04F6090111020AB1900C56
:1059B000E8F1FC110500FEFAA71201000109ECF85C
:1059C0002ACCFE27FAFF0304F21007FB0C7F4B0CD6
:1059D00012F907EB03FB040458F2FE01FEEF120B71
:1059E0000B1402FEF5FEFD030D1FE7F902517F03C4
:1059F000EA0E0C0708FB05F01E230A04F808E6F17E
:105A0000E192FBEA09FB05FCFAFF0E0004AB810101
:105A1000E11103F907FDF7E8182E0405FE010AF568
:105A2000D12E10E3170C040408EFF6F9F7819DF46A
:105A300019EDF90800FF0B16EAD3FAFB01FCF60C8E
:105A4000F5B02002F8E8004FECFB112913082BFCFD
:105A500007F8350DF5FFFA01D52CDAF7FDF51F43F0
:105A6000054DE2F7061BFB99F804DDC5F40DDEFADF
:105A7000FA0BCBF00702060324D22719040500BF56
:105A8000045BD8FC0B0001BA00F016DEF505F40447
:105A900008F21DEC2AF40A18E2EF1EF7FAFA254A7A
:105AA000F9A42809F7F60047F4030F2EFA0517FDAD
:105AB00005FE08E238EBFEEFE6D842FDF1F627419D
:105AC00001A5290EF0F9FF5B0706163B01F113054E
:105AD000FB05F81EC516010F1828BA0C1508E3C1FE
:105AE000EAE0FDF701F8001CE7DBF1FE4CBFD13125
:105AF00009D708FF05EDF7C681D0FDBBF5F5D44504
:105B0000DC2C120611BE1BEB1DF404F5FA6B12D04F
:105B1000F829FD05FD070B3B7F30064408FB32B931
:105B2000F2171A0C03EC0CF011050604B17126E013
:105B300013C8F701FD0D04148BE1ECA0FE01AA5D72
:105B4000E8DCFDF514FB060621E4FDF248B7DE149F
:105B500008C2F8FB0202EC0AC9E8DCA01502D86111
:105B60001FD9F1F4F93DE805150A0DF0FE87F7118C
:105B7000F73F0B0700F915F1371A2760E6F62D9D60
:105B8000FE05FC05E0FBF0DFEF05EDF50AFAF0F8A5
:105B9000FCF600FBDEE0F819B9E938220EE6E50470
:105BA00005EDFE01261126061EF42507F60BDB1572
:105BB000FEFB0FF7E8E1F91DC4F21F1A0DE6DC0049
:105BC0000007FEF1EDF9F8090106F0000DFC0501F2
:105BD00002F81B0BE1E90015BCF73A19E605F0FEE7
:105BE000040616F523FC0C4715F2F00A0E0902FE16
:105BF000FFF8F4FCCFEE0D1C9CE9544CFFEC2500A3
:105C00000D01160236FC0D4510EDFE01060FED05E7
:105C100002FC05FAD9EF0E23A5F03A4400EC19FC7A
:105C2000F30FF9D5040613FA1904F808FFE604FB8C
:105C3000F9F21814040251070B1AFD21FE0BE28140
:105C400003D7EF6F04F7FC013A210310FB68F30957
:105C5000FAFD16D607075000020FF51DFDE9E28197
:105C6000EC0404FAF3FF0AD6EDF7FC030BD8FCFAB8
:105C7000F3FD0AE609FB6010E0CFFAEA01F10281C8
:105C8000FC020CE301FDED0CDEEA0BFD03DA01FE84
:105C900037E2120EFB0356E0DEF400FA060A268411
:105CA000F9F0FE030C00F8050CFA0701073F03F6B4
:105CB00033EB12D0FD0857D9D7ECF8F806E623816C
:105CC000EF201E03D3D15D0F681806FDFE021BAE48
:105CD000F020011408000EF1D519130B02FDD611A6
:105CE000ED19CFEE0B0AA916D20DFA0C05130AB95D
:105CF000F811FE1302FA06F62319110CFF06310FF4
:105D00000E0EFC03F0F65BF20A0406FF0509E2FA48
:105D100003FB002712FE0AFAE7F30404FBCD07FE9B
:105D20000FD7E7F6173C9FEEF3ECFEFDFC1B471880
:105D30001910024A1DFFFFD1D6D617060B81E20AC1
:105D4000010FD0DE1127AC17310EFB0D06377FB4E3
:105D50001F04FD4614FFFBD624DB150809933C07FE
:105D60000AF2551020EB061EFE8101140E3622F6B3
:105D700006BC090F15DBEDBC0905FBFB02EC076255
:105D8000FCF793FE0EF1F3F1107F05E30DB8FB4431
:105D90000BC2FE1AC7DCF5D70A01FC0904EC174B4D
:105DA000FDFA570426F00702098105220323F0ECCF
:105DB0000ABEF920F6ECF7A70207FB17E8EC023C55
:105DC000FF1AC8FE810D01F8F76BF619FED0FBEF44
:105DD00000D003C301EBF09F03FA06C004E2EC2BF2
:105DE00002FCB3158AEAF102046A031907D70921F4
:105DF00005D5FED2B2E8F8BA02F309D207E1FC17E2
:105E0000BC0EFDF5FCA304F00934D434F24975232B
:105E10004C0C00FBE1EF06F326FCF8EE06EEC51194
:105E20002DF1F1030704FB120124200A1A1441EB9F
:105E30003C0AFBF3E6FF02FC2802FEEB0842D20B11
:105E4000FEFC09FD013F0202F8B102F4EF038610E7
:105E50007FF90BF8E0020A0B1AF237E1241AA4F2D8
:105E6000C30E0706ED9B08DC042EDF41C0AA4E27B7
:105E7000900208001DF0F509F1E18138BF223207D8
:105E80003EE7FE09FEF5F81DFE120A123D9F47FE91
:105E900067FEF4FAE71A06FD13217FC4431DDAF208
:105EA000274EED48D4ECE6A5F2F9E517F2D8031930
:105EB0001D0CDE17570B1DD805F9E300FABCEA19D3
:105EC0000B340C7FDE07121FFAF854F8EC1E0AF2AE
:105ED0001A0CE21FF5FEC5E1EAFFF301DDC5F91872
:105EE000ECA2FF83FE45CFF20FF308C5020503FDC8
:105EF0000B150E44321FE221FFFCF4FEEE1FFEEDF7
:105F00002265E84455FF51A22AFAEB2D05EAF8086C
:105F1000EED704CBCBE0E4040AF505DDFDFD050476
:105F2000045111613E417F0F0DEE42F10E0F0BFB4C
:105F30001224FE3DF214DB05E2100922EE0603FCFA
:105F400001FF1281020ACAB0C6310DE48C0A351174
:105F5000F6F509F74B0B8EA9D021E10B32F80DF9BC
:105F6000F803011AFBFD142FABED30DEA3EC16068F
:105F7000F5F209FE450681B0DB15FC041DFA0BFCA9
:105F80000EFAFA04FDF7060F7FF122077E03F0FAFE
:105F9000FBFF04F53205FC09AFFA13044E01FFFBC9
:105FA00005070F8110070FB1A93802E7C0FD2304D0
:105FB000050204E3DDFDD7DD1D1DEFF9CA0BF7086F
:105FC000F70C03FFFD00FC2B8AF140DEB6E91D0053
:105FD000FCFBFC2321FF1824EADE26FF28F707F844
:105FE0002002040302F8A4F06C131BFAFF10B81D82
:105FF00081F8481107F1E0EE10020D01F8FFEE10F4
:106000004BF302050603D11EA926F70208FBFEF397
:10601000C3F6430E09FEA40504FE0FFC02FADF0DD1
:10602000EB28020101F61A1AF5D7F70003F2E9FB93
:106030009ED64B0621F9973C241EEE01FFED1FFE74
:10604000C03608EFFCF307CB640F0C04F20DB81D4B
:106050003FC0D008FB2D1A0DFAE9120A0E09D91615
:1060600008BB030F0DE13230CC1DF40507FC09F528
:10607000F23E30F605DDB2FEFE18F2F2F6F216E957
:10608000F9000000F8000000FA000000EA0000003B
:10609000090000000C0000001F0000007F0000004D
:1060A0003C00000000F000000053000000F8000079
:1060B00000100000007F00000035000000F100002B
:1060C00000D8000000DA0000000015000000F90010
:1060D0000000D5000000D700000081000000520041
:1060E0000000C60000003C0000002700000000F88F
:1060F000000000DB000000F70000002A0000007F25
:1061000000000051000000DD000000C5000000BBE1
:10611000F9000000180000002F000000F50000004A
:106120007F000000F40000001C000000D20000000E
:106130000900000000FC000000BD000000DE0000BF
:1061400000150000007F000000B3000000FB00000D
:10615000000B0000001E000000000F000000CE0039
:1061600000001500000048000000810000004F0002
:1061700000000E000000D300000012000000000428
:106180000000003B000000F9000000EF0000007F6D
:10619000000000E40000000400000015000000FD05
:1061A00000000000E0000000F500000034000000E6
:1061B0007F00000042000000060000001000000008
:1061C00009000000003E0000007F000000520000B7
:1061D00000F0000000A600000017000000CC000046
:1061E00000AF000000C800000000240000006D00A7
:1061F0000000030000003E0000007F0000003B00A4
:106200000000FE0000001B000000EC000000000386
:1062100000000065000000320000001C0000007F4C
:106220000000002800000012000000ED000000F453
:10623000FB000000180000000A000000E800000059
:106240007F000000E20000000500000006000000E2
:10625000FE000000000300000043000000110000E9
:10626000000F0000007F00000025000000E000009B
:10627000001E000000E600000000B8000000D10091
:106280000000F10000005800000081000000C6007E
:1062900000001D00000019000000DC00000000FFED
:1062A000000000130000000B000000E0000000816F
:1062B000000000CD0000001C0000004A000000416A
:1062C000FD0000000B000000FF00000001000000C6
:1062D0007F0000000400000005000000FE00000038
:1062E0000700000000FE000000F9000000FB0000B5
:1062F00000080000008100000007000000FF00000F
:1063000000FE000000FA00000000E3000000C000F2
:1063100000000C000000C5000000E4000000FF00C9
:106320000000100000007F000000190000000005C0
:1063300000000034000000070000002A000000FAFE
:106340000000001E000000F000000081000000FAC4
:10635000070000007F00000021000000070000008F
:10636000A6000000F5000000EE000000FC000000A8
:10637000F900000000FB000000F2000000FF000038
:1063800000010000008100000001000000FE00008C
:1063900000F9000000FC00000000FD0000001A00F1
:1063A0000000F4000000F10000007F000000EB009E
:1063B0000000F3000000D1000000F500000000061E
:1063C000000000EF00000009000000F40000007F62
:1063D000000000F300000003000000FE000000FDCC
:1063E000F8000000C3000000F500000003000000FA
:1063F000C1000000DC000000180000007F00000069
:1064000012000000000300000002000000FE000077
:1064100000FB0000007F00000001000000030000FE
:10642000000B000000FF0000000005000000050058
:106430000000030000000D000000810000000900C2
:1064400000000E000000F300000006000000000342
:10645000000000D6000000F7000000DC000000DDB6
:106460000000007F000000FA000000F300000013AD
:10647000FB000000F500000002000000FE0000002C
:106480008100000005000000FF000000FE00000089
:10649000F800000000F0000000720000001C000086
:1064A00000910000006E0000006400000081000008
:1064B000009A000000050000000000000000D70066
:1064C00000001000000081000000180000003300F0
:1064D0000000E40000003500000029000000000F6B
:1064E00000000081000000E60000007400000021B0
:1064F00000000086000000280000006B000000D5AE
:1065000004FF069D81A10A02141F2F3301001E10F3
:10651000192F0001F1120B1002FEFF47B62843A00D
:106520002F2E9C19509DFA4D8106589C1C6EB2E688
:10653000739DFC68A40C20111C11271B05402EB371
:106540008194DFD5CA2F533BE4B7DF00EDF71E304F
:106550002C203CA03C44811536A9384B9A625E88B9
:106560003247A9FB38C80D34AAF22FD8C56301B24F
:106570005DCABA52EBC867D7CF7FBCD171E4E242A3
:10658000CCE253B5E14DE5085331217F46196C3615
:10659000F02EFBE232E9DA14D7F318E6D506B8FE9E
:1065A00017D1FB1A191E1B1CD4ABAA3A64623739E7
:1065B0003BB18182092C35EFF7FEF4D4D5FDEE0A0C
:1065C000F0DC12ECEBFC07CE04C781D320F21C2ECA
:1065D000ED0F17C30129E607082B1629504D1B3B69
:1065E000320D110FFAF708090A0B18FAFAAE819862
:1065F000DAB7C0F30BEA1F213F2B1F491B2AF9BB57
:10660000AABDAA81A7FF21E826333D040223EAA6FA
:1066100010E09AF60BDE2DE88AD4DE81C411CC029C
:106620000CCDE403BBD415D6E418CB1DF2C5422330
:10663000CB1EF7CF2FEEED7FFFD04133DCF321E807
:106640002F2ACF03B0819732192B0E0409D7BEBF72
:106650002D2D2D0B1A131B271EFE1914EE1009F7F2
:10666000F5DE15222B1006FA0E284B1B3F7FFA1180
:1066700031DDBFB6B89BA717FDE91137144366306B
:106680001F4022191E121515F91F1E23D6C2E898A5
:106690008193C4ADE119DB070ACB271CD9EFC2CE29
:1066A0004C8C9B49DCE14CC7DC72A6BF7FC5D46231
:1066B00081F8E1F3F7FEE517541BF80B8814CA0ABA
:1066C000FDF4F92FD002F5EB02FCE7B4FDF8F881F8
:1066D0002E0638FCEA46BE0A81CA51223DAF6C172D
:1066E0001C01CFDDDAC5E3D742CA9DCCDE7FD3CE15
:1066F0001450EC2C613AFBFB1112D37F0B12EC22ED
:10670000B4E75D15EEB7BA577FC374E11FFCBB1940
:10671000311A06F5EDCFF4430E0C5781FBF9033D1A
:106720000F0185EFFE0D2A08E0FD090C81B51A0A5C
:1067300019F5CEF3F615F00B81EE1A0119BD6118AB
:1067400009FAFFFAFDD5163DE717708114C93A47DB
:10675000E781F3C935E9E4A7F804EAD2EBF8080EBB
:10676000022CFFF507AFFB7F231D75F4061EF046D4
:1067700025F139EEF31B81FEA3CD2CF910D82602AA
:10678000F5C7F581AF06E7E20CF6C427E90AE20592
:106790003E10B10E042A7FE6A91EEF12FDB869F87B
:1067A0006703C0EDDE5B39C8C481C58A283EFF2877
:1067B0000AFBEABAEFF63836A3C107E8130D0081E9
:1067C000C0064181268EF4D1F8EBF82A5CFFC19E09
:1067D0000653FD05C1FD0600FB0B58B0038107FD04
:1067E0000BCAF206E8F904FFF9F07F93FE3CF702CA
:1067F0004755350A7F20D3DAF332FF06F64820EA00
:106800009F0481C90E5FDB1F081E03FC9BF45DE142
:10681000436F242701120C156026F75D1E81322B71
:10682000120ED7040B05140A467F0DBB130FCF05BC
:10683000F8F507FB81F0F0FC0CED396DF5F921005E
:1068400041FFE12FFCCE9D812B1C02EDE306D024FD
:10685000EE5C00F47F0AFDFBECF3485CF3B0F0FB68
:10686000FFD3FBF3F6FFF0E5F40616B6F27FF2F283
:10687000D506D8F51D3340BDD5D300F07F025BF3BC
:10688000F97E0501D5FCFEFEFE0522FFF88103041A
:106890001D0BE4077F030C06EAFDE4940F0AF902DE
:1068A000136A0F00FE00F7ECF8094881FDBEEBFA11
:1068B00003ECFBE00DA1FBFC03FB7FF10000F7E81C
:1068C00094F2F7290390CC00A3E768F400E4D99987
:1068D0004B0CFFEE0303000AE7023C9500FC1ADFB5
:1068E00043FDF91605121803DAFF368300F319E7A2
:1068F00091C3FCF8F90305F21BF8A2F8029BF2F52C
:10690000E3FEF902FD02FFF1AB08F1FC0203FCEE2D
:10691000DD1E0181F9FDFBEA1FBDDF00FEF3041857
:10692000F00D028100FF0104372FF5F800FB050090
:1069300004D61C00FDCA074207147C4DFD0110F768
:106940000BFD24FD08B4FE01FA027FF407FCEF4BB7
:10695000FB08E90B22BFFA21ED940AFC090858074D
:1069600000FCF0DD208900FDED8F17FAFB030A081B
:10697000F8CEF1000901F7FAFEEB01F1CFDBE50AF1
:10698000F8EFE8FA0C0904E3F4F5F2E5FDFFED2376
:10699000F4F012EC002C15420B2DEFFF0503ED2552
:1069A00000FE1DEB01051274F811FB080601FF54EF
:1069B000FE040401FF1039E707FF21041A03E3FE78
:1069C000FC022AFA100901EC02060CBBCC00040000
:1069D00003021AFB07202A0E0210F219EE0558FED8
:1069E00003FAFAFEFD261F0609FD232BF24772FF6C
:1069F000B9C5E824010203E46303EE18FE2A050288
:106A0000AA2EAA06FD04F303FC7FEE9CFB35FB2FA8
:106A1000510AC2E101FDFBF0EBF1F1005DFDEC0478
:106A200052F6BBFF01FB09F9FAD4021B70EC04F823
:106A30000A14A4EDF3E70021EEE4F4F702FB101BC7
:106A400003FDE5EBB1EA0A85070507ED04E00A1747
:106A50007FF00701F70C04F5DF2D04EF00E8F805DF
:106A60007FF20321F20900FDFFEC0500FEC1FCF8F6
:106A7000FA13EA0CFBFAF3140204087F2EC48B13FA
:106A8000EF1EF861FC0BF90FFC00096C2204FFEB10
:106A900003FEFFFAEE560EFF050401DCF90FE3F5E5
:106AA000F32BFEEAFA3115EEFFFEFFE0EC08F7DE0D
:106AB00000F4020202F00102F6DDFC24FA041339AC
:106AC0002A0406FC2EFB04FEC3FEBC259DFE0BFA29
:106AD000FAC005FCF7F90205FDF3FB0FF5F8022CEF
:106AE000042B00FFF703FFF5E60517EE240101FE76
:106AF0001707082CF47F0C9812D262A3F8FF070244
:106B0000F4F87FF600EAFE224003060004C206C342
:106B10002EF1FBFBF8E5FBD1041FD8F001F80205CC
:106B2000F4072302FF0A010DE8FF030203F401DD6D
:106B300002060D9203FCFEFCEFFCCBB0E4FA270149
:106B40000002FBE9D1FF20F60AF6F4FBF601F4FAA5
:106B500004035CE8F502F9EEF97F1D25FD0707F94E
:106B6000FE02B205FCFF091303810BFC03FE0102C8
:106B7000132602FE03E3E24BFF06FBFF00F831029F
:106B80000301FC00FD3F0609FFFDECF50404F604DB
:106B9000FDF70503FE09F6DF04FF0F0102FD1B7779
:106BA0000300040201DF02070501C600FA010A978B
:106BB000C90015000A0081004A002100D20012001D
:106BC000050000EE008100F80009007A00FF000FC8
:106BD0000037000D2B00DF00D7007F008A00D900AE
:106BE0002800E500E600000D007F000B00FB008898
:106BF00000FC00F300CA00F12B00E800E8007F0071
:106C0000B000DC003400E400EA0000F0009300F67D
:106C1000000E007F000A001000380010DE00100097
:106C2000060081004B002200C4001A00070000F596
:106C300000B200F9000F007F0009001200390010B7
:106C4000E90015001A00810070002600C7002B0023
:106C50002300000B0050000800F4008100F400F055
:106C600000C600EF0000000000000000000000006F
:106C7000F600D000F000E7008100EB00F0009B0080
:106C8000E50000F6000100F900E000E600E900E19F
:106C9000008100E809002700150004007F001E00A5
:106CA000100051001C0000FB00FE00F800E900E4A9
:106CB00000E800E7008100E5E800DD00E100F40005
:106CC0008100E200D9009D00DF0000F100F800F42F
:106CD00000E400DD00E900E4008100E51200260088
:106CE0000E001F007500130019007F001A0000F746
:106CF00000F800F700E400DB00EB00E6008100E9AB
:106D000003002600110026007700120014007F0007
:106D1000150000FA00F600F500E800D900E900E9E6
:106D2000008100E6000000000000000000000000FC
:106D3000320070002C002D007F003900290069000E
:106D40002E00005B007A0045005C007F0058003E8A
:106D5000005A003532006F00400030007F004400D0
:106D6000240070003B00004B007F005E004A007D65
:106D70000072002E00560040CE00A100C900D100D4
:106D80008100BD00CD008900BB00004D007F005593
:106D90000062007E006A0043005C00482900570042
:106DA000210028007B00370033007F003D0000CB2E
:106DB000008F00CF00B5008100AD00C1009F00BC76
:106DC0002F005A0024002600730040002D007F0091
:106DD00046000034006F00390048007F005F003635
:106DE000005E0049000000000000000000000000FC
:106DF000030000000100000004000000810000000A
:106E0000580000001900000002000000010000000E
:106E100002000000000000000081000000020000ED
:106E200000020000005C0000000100000003000000
:106E3000001E0000000100000000030000004100EF
:106E4000000001000000140000007F0000000700A7
:106E5000000010000000400000000A00000000FCDC
:106E60000000004300000004000000090000007F53
:106E700000000000000000100000004E00000005AF
:106E8000EB000000130000000A0000008100000079
:106E9000750000001E000000F0000000100000005F
:106EA0000C00000000F7000000D9000000F6000010
:106EB00000F8000000B0000000F70000000A000029
:106EC000007F0000000A0000000001000000CE006A
:106ED000000002000000F200000081000000F40049
:106EE000000000000000B20000000100000000FEF1
:106EF000000000D600000000000000F40000008147
:106F0000000000F500000000000000B400000001D7
:106F100011005D00160012007F001A0005005000ED
:106F20000D0000F5008100F700E100AA00D500EA9D
:106F300000C900EFEB00B600EC00B2008100BE001B
:106F4000EF00B200E6000017006E00110029007F7C
:106F5000002900160056001A000000000000000082
:106F6000E11E13CD0B22DBF5F109C87F00281306C3
:106F7000280CE2EBF3CD87000920040CECF3FD0CA8
:106F8000CE05B3FC42FCDEFE36100314FE04F5D73A
:106F90000FEFF202D1C5C8072C2ADCE20C0313F074
:106FA000FFCFBAEC8CCA199506C94EEE0006A7E0D1
:106FB000EBFB9A02BFA5BCAAF4E6009C8108F4CDC5
:106FC000A3FE6AA1A2D68C12B21A17DDC1BAFBE2E7
:106FD000CE0FB4A98932A4EEDCC4C9DFF500D51503
:106FE000D9F4E1EC81AC0C38B11ADEEDFA3908E8DD
:106FF000FCD4F2FFECE7F7E2240115ED49990C0E01
:107000003406F828644EC3DBFD10E603B015F00625
:10701000DFF904FF043828D2E9F5D8E4C9E70EDB2C
:107020005350CC3FE5D6F21AC861DEEC302BE77F37
:1070300031EAF9F55858FCDA02073FF5E6CC5E0074
:107040000E3F1B36353BEAF8EE244A686B12FBEE26
:107050005FD700D7FE1753D8640357E7C3F2120F68
:1070600008A3B630EE4A351FCF2A06C014E40E241A
:10707000C8E61B2F040D22160E2DDCFA6E365C0FAF
:107080002A2CA307DF1BECDAF8A518040224184EFB
:107090001115250F7F210C56B057DAF4D11D169D1E
:1070A00011C08F94C64E9757ED2DCFCF1E10F114FF
:1070B000B1DD120C190018F02E2CE105671F6C20B1
:1070C0008B912BE6E681D523F1F3FDDE028BC6A87A
:1070D000031CC48571100215126DB49AABA5F5DBC3
:1070E000F19CF4D881DEEEAEEF000000000000005D
:1070F00002FC02FC7FFB00F8000000000000000022
:10710000FACFFAE881E5EDA3E600000000000000F8
:10711000FEFBFE008103FF00FF00000000000000F6
:10712000334E2E437F4036593900000000000000E6
:0971300014130E0C7F13081A0859
:04000005703800004F
:00000001FF
